Dependents,ApplicantIncome,CoapplicantIncome,LoanAmount,Loan_Amount_Term,Gender_Male,Self_Employed_Yes,Property_Area_Rural,Property_Area_Semiurban,Property_Area_Urban,Credit_History_1.0,Loan_Status
1.3167024775617353,-5.42971236675888,0.9601648057473936,-0.5561408697952985,0.17554003661788928,0.0,0.0,0.0,1.0,0.0,1.0,1
1.3167024775617353,0.2632288227523261,1.1769950631021049,0.9757412056359915,0.17554003661788928,1.0,0.0,0.0,1.0,0.0,1.0,1
-0.8271043056395267,-0.21084033626375107,1.084687980385784,0.04272566889238624,-2.3128794500174443,1.0,0.0,1.0,0.0,0.0,0.0,0
1.3167024775617353,1.5220158956911654,0.6603762052359816,1.1391791541623983,0.17554003661788928,1.0,0.0,0.0,0.0,1.0,1.0,1
1.3167024775617353,0.5365548999467042,1.137530388737126,-0.14998541639081975,0.17554003661788928,1.0,0.0,1.0,0.0,0.0,1.0,1
1.3167024775617353,0.30533064657670483,-1.1028368386382617,-1.1655286965235816,0.17554003661788928,1.0,0.0,0.0,1.0,0.0,0.0,0
-0.8271043056395267,-0.5354256918285057,-1.1028368386382617,-0.5561408697952985,0.17554003661788928,1.0,0.0,0.0,1.0,0.0,1.0,1
-0.8271043056395267,-0.7205337175555119,0.8728610176833282,0.30275503887085475,0.17554003661788928,1.0,0.0,0.0,1.0,0.0,1.0,1
-0.8271043056395267,-0.41307804865227726,0.849258241020833,-0.43744307300139007,0.17554003661788928,1.0,0.0,0.0,0.0,1.0,0.0,0
-0.8271043056395267,-0.14305901215739866,1.1204036076467991,0.6303977829846399,0.17554003661788928,1.0,0.0,0.0,0.0,1.0,1.0,0
0.8542591221141067,0.6621503202765817,-1.1028368386382617,0.6186712265946805,0.17554003661788928,1.0,0.0,0.0,1.0,0.0,1.0,1
1.3167024775617353,-0.2073082800278249,0.7670967505144521,-0.14998541639081975,0.17554003661788928,1.0,0.0,1.0,0.0,0.0,1.0,1
1.3167024775617353,1.8900137391124379,-1.1028368386382617,-1.220663132451632,0.17554003661788928,0.0,0.0,0.0,0.0,1.0,1.0,1
-0.8271043056395267,0.9921202495907993,0.8117241197788808,0.676681009347116,0.17554003661788928,1.0,0.0,1.0,0.0,0.0,1.0,1
-0.8271043056395267,0.22893477994054176,-1.1028368386382617,0.40895478560744397,4.104711360090853,1.0,0.0,0.0,1.0,0.0,1.0,1
-0.8271043056395267,-0.07029375839394775,0.5568060486368371,-0.2888603256310467,0.17554003661788928,1.0,0.0,0.0,1.0,0.0,1.0,1
0.8542591221141067,-0.2908138362919726,0.7971421654679766,0.7443093525159628,0.17554003661788928,1.0,0.0,0.0,0.0,1.0,1.0,1
-0.8271043056395267,2.094085990500252,-1.1028368386382617,1.1391791541623983,0.17554003661788928,0.0,1.0,0.0,1.0,0.0,1.0,1
-0.8271043056395267,-1.3479092359952236,0.6832090360194575,-1.9900653787675302,0.17554003661788928,1.0,0.0,0.0,0.0,1.0,1.0,1
0.8542591221141067,0.44214816344401453,0.6337612076219633,-3.0956060243265577,0.17554003661788928,1.0,0.0,0.0,1.0,0.0,1.0,1
-0.8271043056395267,-0.8081776995795951,0.8840033959325506,0.11816897521854876,0.17554003661788928,0.0,0.0,0.0,1.0,0.0,1.0,1
-0.8271043056395267,-0.5548853207907406,-1.1028368386382617,-1.1929134240013874,0.17554003661788928,0.0,0.0,1.0,0.0,0.0,1.0,1
-0.8271043056395267,1.0699780365514115,-1.1028368386382617,1.5975821186582737,0.17554003661788928,0.0,0.0,0.0,1.0,0.0,1.0,1
-0.8271043056395267,-0.9817650800641186,-1.1028368386382617,-1.4260371121722797,4.104711360090853,1.0,0.0,0.0,1.0,0.0,0.0,0
1.3167024775617353,0.19411339217043325,-1.1028368386382617,-0.3250427419068526,0.17554003661788928,1.0,0.0,1.0,0.0,0.0,1.0,1
-0.8271043056395267,1.2689511972278038,-1.1028368386382617,0.7991044940917282,0.17554003661788928,1.0,1.0,0.0,1.0,0.0,1.0,1
1.5222778302128526,-0.10149556557162656,0.6189694907560508,-0.5158305579751992,0.17554003661788928,1.0,0.0,0.0,1.0,0.0,1.0,1
-0.8271043056395267,-0.36903412903090677,-1.1028368386382617,-1.871835361163309,0.17554003661788928,1.0,0.0,0.0,0.0,1.0,1.0,1
-0.8271043056395267,0.5443312970176253,-1.1028368386382617,-0.14998541639081975,0.17554003661788928,1.0,0.0,0.0,0.0,1.0,1.0,1
1.3167024775617353,-1.1435180965432077,0.7752497777552919,-0.2709974300213708,4.104711360090853,0.0,0.0,0.0,1.0,0.0,1.0,1
1.3167024775617353,0.044783442585994704,0.6361132550846059,-0.3250427419068526,0.17554003661788928,1.0,0.0,0.0,0.0,1.0,1.0,1
-0.8271043056395267,-0.04408088935793513,0.9976914990325344,0.9657367484632788,0.17554003661788928,1.0,0.0,0.0,1.0,0.0,1.0,1
0.8542591221141067,-0.9989938184197108,0.7270385085114632,-0.8387963862832687,0.17554003661788928,1.0,0.0,0.0,0.0,1.0,1.0,1
-0.8271043056395267,1.5922008074852247,-1.1028368386382617,0.48531289571792213,0.17554003661788928,1.0,0.0,0.0,1.0,0.0,1.0,0
0.8542591221141067,-2.3792023764141694,0.9716315999795487,-0.3250427419068526,0.17554003661788928,1.0,1.0,0.0,0.0,1.0,1.0,0
-0.8271043056395267,-0.8649924172231317,-1.1028368386382617,-1.0854692762036438,0.17554003661788928,1.0,0.0,0.0,0.0,1.0,1.0,1
-0.8271043056395267,0.9038858131395756,-1.1028368386382617,0.8313322837114507,0.17554003661788928,0.0,1.0,1.0,0.0,0.0,1.0,0
1.3167024775617353,-0.9493426150913689,-1.1028368386382617,-0.2709974300213708,0.17554003661788928,1.0,0.0,1.0,0.0,0.0,1.0,0
-0.8271043056395267,1.3917716593184823,-1.1028368386382617,0.7553792081419006,0.17554003661788928,1.0,1.0,0.0,0.0,1.0,0.0,0
0.8542591221141067,0.9058671959230478,-1.1028368386382617,-0.14998541639081975,0.17554003661788928,0.0,1.0,0.0,1.0,0.0,1.0,1
1.5222778302128526,-0.4125700103578072,1.0633997390717917,0.676681009347116,-1.026086682611871,1.0,0.0,0.0,1.0,0.0,0.0,0
1.5222778302128526,-0.04132875642504989,1.2859974338584288,1.6716098238001913,0.17554003661788928,1.0,0.0,0.0,1.0,0.0,1.0,0
-0.8271043056395267,0.4697096920745855,0.8610428996859266,0.6186712265946805,0.17554003661788928,1.0,0.0,1.0,0.0,0.0,1.0,0
1.3167024775617353,-0.32724045120087053,0.7898808744145094,0.30275503887085475,0.17554003661788928,1.0,0.0,1.0,0.0,0.0,0.0,0
-0.8271043056395267,0.22633669048605662,0.8882776996937887,0.0117888034744957,0.17554003661788928,1.0,0.0,0.0,0.0,1.0,1.0,1
-0.8271043056395267,0.8822981354428475,-1.1028368386382617,-0.14998541639081975,0.17554003661788928,1.0,0.0,1.0,0.0,0.0,1.0,0
-0.8271043056395267,2.0484377119138863,-1.1028368386382617,-0.3250427419068526,0.17554003661788928,1.0,0.0,0.0,1.0,0.0,1.0,1
1.5222778302128526,-0.6920182098050511,0.8521669790391802,-0.618085963925903,0.17554003661788928,1.0,0.0,1.0,0.0,0.0,1.0,1
-0.8271043056395267,0.022425341536964835,-1.1028368386382617,-0.21829120060566198,0.17554003661788928,0.0,0.0,0.0,1.0,0.0,0.0,0
-0.8271043056395267,-0.8802347054711225,-1.1028368386382617,-2.031045327405673,0.17554003661788928,0.0,0.0,1.0,0.0,0.0,1.0,0
-0.8271043056395267,0.2898849727761109,-1.1028368386382617,-0.06756806177364474,0.17554003661788928,1.0,0.0,0.0,0.0,1.0,1.0,1
0.8542591221141067,1.0234868275518925,0.2086030678084581,1.3844031906589123,0.17554003661788928,1.0,0.0,0.0,0.0,1.0,1.0,1
-0.8271043056395267,-1.2418781385351052,1.1417191171467336,-1.3062054064236017,0.17554003661788928,1.0,0.0,1.0,0.0,0.0,1.0,0
-0.8271043056395267,-0.48226942636734166,0.7402985847397701,-0.618085963925903,0.17554003661788928,1.0,0.0,0.0,0.0,1.0,1.0,1
0.8542591221141067,1.333530363529731,-1.1028368386382617,0.36973968185079875,0.17554003661788928,1.0,1.0,1.0,0.0,0.0,1.0,0
-0.8271043056395267,-0.21526760398030542,-1.1028368386382617,-0.5972350422305313,0.17554003661788928,1.0,0.0,0.0,0.0,1.0,1.0,0
-0.8271043056395267,-0.7975958317708118,1.620599639396971,-0.45676959211923457,0.17554003661788928,1.0,0.0,0.0,1.0,0.0,1.0,1
-0.8271043056395267,0.26164487214902843,0.5678590603430609,-0.06756806177364474,0.17554003661788928,1.0,0.0,0.0,1.0,0.0,1.0,1
-0.8271043056395267,0.8028181107262102,-1.1028368386382617,0.6186712265946805,-2.3128794500174443,1.0,1.0,0.0,1.0,0.0,1.0,1
-0.8271043056395267,0.020170051130371305,-1.1028368386382617,-1.1929134240013874,0.17554003661788928,0.0,0.0,0.0,1.0,0.0,1.0,1
-0.8271043056395267,-0.4908177070341725,0.5007892377788481,-0.4762740692488179,0.17554003661788928,0.0,0.0,0.0,1.0,0.0,1.0,1
-0.8271043056395267,0.8484248831577584,-1.1028368386382617,-0.019601606123488647,0.17554003661788928,1.0,1.0,0.0,0.0,1.0,1.0,1
0.8542591221141067,3.1121347646616453,-1.1028368386382617,0.3297990201723457,0.17554003661788928,1.0,0.0,0.0,1.0,0.0,1.0,1
1.3167024775617353,0.4598507965575692,1.1131710745143404,0.46015854419411595,0.17554003661788928,1.0,0.0,1.0,0.0,0.0,1.0,1
-0.8271043056395267,0.17671032118769225,-1.1028368386382617,-1.138499247277687,-2.3128794500174443,1.0,0.0,0.0,1.0,0.0,1.0,1
-0.8271043056395267,-0.7929896882344486,-1.1028368386382617,-1.6540496224162748,0.17554003661788928,0.0,0.0,1.0,0.0,0.0,1.0,1
-0.8271043056395267,-0.4600643477228189,0.8994640725515252,0.14761891066806776,0.17554003661788928,1.0,0.0,1.0,0.0,0.0,1.0,1
1.5222778302128526,0.3557127239455038,0.9868652726290139,0.8943940524136059,0.17554003661788928,1.0,0.0,0.0,1.0,0.0,1.0,1
-0.8271043056395267,-1.3375361038562323,0.7817065719116859,-1.724111080785674,0.17554003661788928,0.0,0.0,0.0,0.0,1.0,1.0,1
0.8542591221141067,-0.14305901215739866,-1.1028368386382617,-0.21829120060566198,0.17554003661788928,1.0,0.0,0.0,1.0,0.0,1.0,1
0.8542591221141067,-1.1576664054704429,0.961052023217619,-0.2709974300213708,0.17554003661788928,1.0,0.0,0.0,0.0,1.0,1.0,0
-0.8271043056395267,0.17097382351441534,-1.1028368386382617,-0.862197089363886,0.17554003661788928,0.0,0.0,1.0,0.0,0.0,1.0,0
0.8542591221141067,0.571460250773522,1.177054932826804,1.8465685689304925,0.17554003661788928,1.0,0.0,0.0,0.0,1.0,1.0,1
-0.8271043056395267,-1.233070268028767,0.8148043743379554,-1.871835361163309,0.17554003661788928,1.0,0.0,0.0,1.0,0.0,1.0,1
1.5222778302128526,1.2604978323781408,-1.1028368386382617,1.5596213525347504,0.17554003661788928,1.0,0.0,1.0,0.0,0.0,1.0,1
-0.8271043056395267,-0.5454013927970284,0.4381364051196495,-1.3355205497033746,0.17554003661788928,1.0,0.0,1.0,0.0,0.0,1.0,0
1.5222778302128526,-0.0002901951343369779,-1.1028368386382617,-2.2959084950335447,-2.3128794500174443,1.0,0.0,1.0,0.0,0.0,1.0,1
0.8542591221141067,1.863550412385986,-1.1028368386382617,0.7331829242703751,-2.3128794500174443,1.0,0.0,1.0,0.0,0.0,1.0,1
0.8542591221141067,0.17097382351441534,0.75057773763691,-0.019601606123488647,0.17554003661788928,1.0,0.0,1.0,0.0,0.0,1.0,0
-0.8271043056395267,1.9022595620135296,-1.1028368386382617,1.2912931901932654,0.17554003661788928,1.0,0.0,0.0,1.0,0.0,0.0,0
-0.8271043056395267,-0.808841556338241,0.9060296057609949,-0.7255497588537938,-2.3128794500174443,1.0,0.0,1.0,0.0,0.0,0.0,1
-0.8271043056395267,-0.7650019109785231,0.8458585943233375,-0.05145939748183092,0.17554003661788928,1.0,0.0,1.0,0.0,0.0,1.0,1
1.3167024775617353,-1.0156588685274692,0.7957024844073366,-2.0728649862524553,0.17554003661788928,1.0,0.0,0.0,1.0,0.0,1.0,1
-0.8271043056395267,-1.478120902897597,1.0542045013896346,0.904729537752294,0.17554003661788928,1.0,0.0,0.0,1.0,0.0,0.0,0
-0.8271043056395267,-0.14390268547615104,0.7820825126109782,-0.3250427419068526,0.17554003661788928,1.0,0.0,0.0,1.0,0.0,1.0,1
-0.8271043056395267,0.022425341536964835,-1.1028368386382617,-0.5561408697952985,0.17554003661788928,1.0,0.0,0.0,1.0,0.0,0.0,0
1.3167024775617353,-0.7975958317708118,1.1097157064688614,0.6303977829846399,0.17554003661788928,1.0,1.0,1.0,0.0,0.0,1.0,1
1.3167024775617353,-0.23131917698568547,-1.1028368386382617,-0.9585018476402082,0.17554003661788928,1.0,0.0,1.0,0.0,0.0,0.0,0
-0.8271043056395267,-1.101036997289608,1.0701817958104238,0.43470824873718034,0.17554003661788928,1.0,1.0,0.0,1.0,0.0,1.0,1
-0.8271043056395267,-0.13255471040439273,-1.1028368386382617,-0.3250427419068526,0.17554003661788928,1.0,0.0,0.0,1.0,0.0,1.0,1
1.5222778302128526,0.22796106051866064,-1.1028368386382617,-0.618085963925903,0.17554003661788928,1.0,0.0,0.0,1.0,0.0,0.0,0
1.3167024775617353,-0.15704337885189348,-1.1028368386382617,-0.14998541639081975,0.17554003661788928,1.0,0.0,0.0,1.0,0.0,1.0,1
1.3167024775617353,-1.1319640940996891,0.7727475170596749,-0.49595989484103586,0.17554003661788928,1.0,0.0,1.0,0.0,0.0,1.0,1
0.8542591221141067,-0.5683791239837732,0.7611481919640074,-0.7255497588537938,0.17554003661788928,0.0,0.0,0.0,0.0,1.0,1.0,1
-0.8271043056395267,0.5953258453705186,1.089852918893392,-0.14998541639081975,-2.3128794500174443,1.0,1.0,0.0,0.0,1.0,1.0,0
1.3167024775617353,1.2902923817674103,-1.1028368386382617,-0.2888603256310467,0.17554003661788928,1.0,0.0,0.0,0.0,1.0,1.0,1
0.8542591221141067,-0.11714810406463098,-1.1028368386382617,-0.2888603256310467,0.17554003661788928,0.0,0.0,1.0,0.0,0.0,1.0,1
1.3167024775617353,-1.8090854913718617,0.8198760627761406,0.5225047003124931,0.17554003661788928,0.0,0.0,0.0,0.0,1.0,1.0,0
-0.8271043056395267,-1.3871969203287924,1.0233191401312385,0.02731308862176866,0.17554003661788928,1.0,0.0,0.0,1.0,0.0,1.0,1
1.3167024775617353,-0.3387835321361509,1.0195045117229433,-0.7701191304941116,0.17554003661788928,1.0,1.0,0.0,0.0,1.0,1.0,1
0.8542591221141067,-0.5576863650247348,-1.1028368386382617,-0.618085963925903,0.17554003661788928,1.0,1.0,0.0,1.0,0.0,1.0,1
-0.8271043056395267,-0.7438730542816341,0.8916859777250576,-0.14998541639081975,0.17554003661788928,1.0,0.0,0.0,0.0,1.0,1.0,1
-0.8271043056395267,0.4518573874161648,1.1016674213365474,-1.220663132451632,0.17554003661788928,1.0,1.0,0.0,1.0,0.0,1.0,1
1.3167024775617353,0.5828168730868364,-1.1028368386382617,0.9455895373771237,-1.8284042739782391,1.0,1.0,0.0,1.0,0.0,1.0,0
-0.8271043056395267,-0.8767569550342718,0.8604484544291758,-1.5862934070253305,0.17554003661788928,1.0,0.0,1.0,0.0,0.0,1.0,1
-0.8271043056395267,-0.7274343394403596,1.0147003744841248,0.49778127928311,-2.3128794500174443,1.0,1.0,1.0,0.0,0.0,0.0,0
-0.8271043056395267,-0.6206935661626239,0.8417961261448696,-0.3250427419068526,0.17554003661788928,1.0,0.0,1.0,0.0,0.0,1.0,1
-0.8271043056395267,-0.8649924172231317,1.0464973003115248,-0.14998541639081975,-2.3128794500174443,1.0,0.0,0.0,0.0,1.0,1.0,0
0.8542591221141067,-0.7000216932380924,0.7489211648804954,-0.2709974300213708,-2.3128794500174443,1.0,0.0,1.0,0.0,0.0,0.0,0
-0.8271043056395267,-0.6920182098050511,1.087318457509518,-0.13324544430583296,0.17554003661788928,1.0,0.0,1.0,0.0,0.0,1.0,1
1.5222778302128526,4.03256708822133,-1.1028368386382617,2.1306174582721362,0.17554003661788928,1.0,0.0,1.0,0.0,0.0,0.0,0
-0.8271043056395267,0.5121645294662897,1.1093538234678033,1.4254616936791122,0.17554003661788928,1.0,0.0,0.0,1.0,0.0,1.0,0
-0.8271043056395267,0.6027767029063733,0.9191688702254042,0.6994581998308899,0.17554003661788928,1.0,0.0,1.0,0.0,0.0,1.0,0
-0.8271043056395267,-0.9119014994918576,0.7385895952462954,-0.4762740692488179,4.104711360090853,1.0,0.0,0.0,0.0,1.0,0.0,0
-0.8271043056395267,0.19411339217043325,1.0271839595809245,-0.14998541639081975,0.17554003661788928,1.0,0.0,0.0,1.0,0.0,1.0,1
-0.8271043056395267,0.2214522595712853,-1.1028368386382617,0.13294443335255615,0.17554003661788928,1.0,1.0,0.0,0.0,1.0,1.0,0
-0.8271043056395267,-0.5582472130598097,0.9459963455985257,0.36973968185079875,0.17554003661788928,1.0,0.0,1.0,0.0,0.0,1.0,1
-0.8271043056395267,0.42787722814423257,-1.1028368386382617,0.53476138846114,0.17554003661788928,1.0,0.0,0.0,0.0,1.0,1.0,1
0.8542591221141067,-0.5649940809767622,0.813438866499111,-0.10015430098343236,4.104711360090853,1.0,0.0,0.0,1.0,0.0,1.0,1
-0.8271043056395267,0.32060715737718276,-1.1028368386382617,-0.18386472056811176,0.17554003661788928,1.0,0.0,0.0,1.0,0.0,1.0,1
-0.8271043056395267,0.6158414661848257,1.0555570802666843,1.9063372601502142,0.17554003661788928,1.0,0.0,0.0,0.0,1.0,1.0,1
-0.8271043056395267,2.30744075737135,-1.1028368386382617,2.7489668321284904,0.17554003661788928,1.0,0.0,1.0,0.0,0.0,1.0,0
0.8542591221141067,-1.2052197715029596,0.9021054880668747,0.02731308862176866,0.17554003661788928,1.0,0.0,1.0,0.0,0.0,1.0,1
1.3167024775617353,-0.354806365399624,0.8447696608836562,0.275367434330036,0.17554003661788928,1.0,0.0,0.0,0.0,1.0,1.0,1
-0.8271043056395267,-0.20774931428250573,-1.1028368386382617,-0.9585018476402082,0.17554003661788928,1.0,0.0,0.0,0.0,1.0,1.0,0
0.8542591221141067,-1.365034900093699,0.8741490388346069,-0.3804987621999476,0.17554003661788928,1.0,0.0,1.0,0.0,0.0,1.0,1
-0.8271043056395267,1.7721228449150452,-1.1028368386382617,-0.14998541639081975,0.17554003661788928,1.0,0.0,0.0,0.0,1.0,1.0,1
-0.8271043056395267,0.009976724825037777,-1.1028368386382617,-0.11663575950183827,0.17554003661788928,1.0,0.0,0.0,1.0,0.0,1.0,1
0.8542591221141067,0.1611337419914178,0.6872397738209368,0.40895478560744397,0.17554003661788928,1.0,0.0,0.0,0.0,1.0,1.0,1
-0.8271043056395267,-0.8886142597828358,0.9143800471526355,0.10329110203039725,0.17554003661788928,1.0,0.0,0.0,1.0,0.0,1.0,1
-0.8271043056395267,0.07188182966635945,-1.1028368386382617,0.10329110203039725,0.17554003661788928,0.0,0.0,0.0,1.0,0.0,0.0,0
-0.8271043056395267,0.7751749151105508,-1.1028368386382617,0.17667050986716967,0.17554003661788928,1.0,1.0,1.0,0.0,0.0,1.0,1
0.8542591221141067,-0.8035389254443547,0.8477171940000082,-0.43744307300139007,0.17554003661788928,1.0,0.0,0.0,1.0,0.0,1.0,1
-0.8271043056395267,-1.1576664054704429,0.8278346320441129,-1.111815758290904,0.17554003661788928,1.0,0.0,0.0,0.0,1.0,1.0,1
-0.8271043056395267,-0.2912810952599562,0.9487623700398728,-0.2709974300213708,0.17554003661788928,0.0,0.0,0.0,1.0,0.0,1.0,1
-0.8271043056395267,0.07224449880875786,-1.1028368386382617,-0.18386472056811176,0.17554003661788928,1.0,0.0,0.0,0.0,1.0,1.0,1
0.8542591221141067,-0.33059772466293774,0.9952924550018959,0.40895478560744397,0.17554003661788928,1.0,0.0,0.0,0.0,1.0,1.0,1
1.3167024775617353,1.000815431630504,1.259173866648332,2.7489668321284904,0.17554003661788928,1.0,1.0,1.0,0.0,0.0,1.0,1
0.8542591221141067,-0.6195236776852717,0.8258626021806353,0.24762713908166842,0.17554003661788928,1.0,0.0,1.0,0.0,0.0,0.0,0
1.3167024775617353,0.6758355397351125,0.6241783132224592,0.7553792081419006,0.17554003661788928,1.0,1.0,1.0,0.0,0.0,1.0,0
-0.8271043056395267,0.5828168730868364,0.8767104897336425,1.4816919516340232,0.17554003661788928,1.0,0.0,0.0,1.0,0.0,1.0,0
1.3167024775617353,0.517446413001073,-1.1028368386382617,0.21952471892610181,-2.628629099317595,1.0,1.0,1.0,0.0,0.0,1.0,1
0.8542591221141067,0.8654682793257293,0.7818945952900874,-0.3250427419068526,0.17554003661788928,1.0,0.0,0.0,0.0,1.0,0.0,0
-0.8271043056395267,-0.8492209050672421,0.4207270772228862,0.0117888034744957,0.17554003661788928,0.0,0.0,0.0,1.0,0.0,1.0,1
1.3167024775617353,0.02280087551128445,0.7377317747048864,0.40895478560744397,0.17554003661788928,1.0,0.0,1.0,0.0,0.0,1.0,1
1.3167024775617353,0.10769637736503007,-1.1028368386382617,-0.035471189371664165,0.17554003661788928,1.0,0.0,0.0,1.0,0.0,0.0,0
-0.8271043056395267,-0.9698944972112338,0.8444578898578305,-0.3250427419068526,0.17554003661788928,1.0,0.0,1.0,0.0,0.0,1.0,1
1.5222778302128526,0.21228889711935114,0.8381611104017925,0.275367434330036,0.17554003661788928,1.0,0.0,0.0,1.0,0.0,1.0,1
1.3167024775617353,-0.5233242556046572,-1.1028368386382617,-0.9340075742166741,0.17554003661788928,1.0,0.0,0.0,1.0,0.0,1.0,1
-0.8271043056395267,-0.7331041719781474,0.8248722288505855,-0.21829120060566198,0.17554003661788928,1.0,0.0,0.0,1.0,0.0,0.0,0
-0.8271043056395267,-0.08034980647886286,0.7817065719116859,-0.34336763412342935,0.17554003661788928,1.0,0.0,1.0,0.0,0.0,1.0,1
1.3167024775617353,-0.3191192239951643,0.9536631580087925,0.21952471892610181,0.17554003661788928,1.0,0.0,0.0,0.0,1.0,1.0,1
0.8542591221141067,0.2175324304075182,-1.1028368386382617,-0.9340075742166741,0.17554003661788928,0.0,0.0,0.0,1.0,0.0,1.0,0
0.8542591221141067,0.49163789047337936,-1.1028368386382617,-2.1155603882768905,0.17554003661788928,1.0,0.0,0.0,0.0,1.0,1.0,1
-0.8271043056395267,2.303017950609218,-1.1028368386382617,3.410097347520992,4.104711360090853,1.0,1.0,0.0,0.0,1.0,1.0,1
1.5222778302128526,2.522303937455013,-1.1028368386382617,2.1891333031213245,0.17554003661788928,1.0,0.0,1.0,0.0,0.0,1.0,1
-0.8271043056395267,3.7440826779027807,-1.1028368386382617,2.7936216136901906,-2.3128794500174443,1.0,0.0,0.0,0.0,1.0,1.0,1
-0.8271043056395267,-0.9377230071759811,0.7534569516405322,-0.43744307300139007,0.17554003661788928,1.0,0.0,0.0,0.0,1.0,1.0,1
-0.8271043056395267,1.6908908886404104,-1.1028368386382617,2.3827273739188897,0.17554003661788928,1.0,0.0,0.0,1.0,0.0,1.0,1
1.3167024775617353,0.6442475824934161,0.7045508766189863,-0.36185201735023564,0.17554003661788928,1.0,1.0,1.0,0.0,0.0,1.0,1
0.8542591221141067,-0.8684430273535063,-1.1028368386382617,-0.14998541639081975,0.17554003661788928,1.0,1.0,0.0,1.0,0.0,1.0,1
-0.8271043056395267,0.15874821036986228,-1.1028368386382617,-0.23571535156805012,0.17554003661788928,0.0,0.0,0.0,1.0,0.0,1.0,1
-0.8271043056395267,-0.06469311641152695,0.8886885022225632,0.07322221751682088,0.17554003661788928,1.0,0.0,0.0,1.0,0.0,1.0,1
1.5222778302128526,0.6837943903473722,-1.1028368386382617,0.3959620352930289,-2.3128794500174443,1.0,0.0,1.0,0.0,0.0,1.0,1
1.5222778302128526,-1.1107358873925666,0.539077246607203,-0.6391449602446815,4.104711360090853,1.0,0.0,0.0,1.0,0.0,1.0,1
-0.8271043056395267,-0.7805583309784039,0.8030161505617157,0.23362179912135098,0.17554003661788928,1.0,0.0,1.0,0.0,0.0,1.0,1
1.3167024775617353,-0.9348320261681459,0.619833208291275,-1.0083674194573822,-2.3128794500174443,1.0,0.0,0.0,0.0,1.0,1.0,1
0.8542591221141067,-0.09454810311835478,-1.1028368386382617,-1.4571100339289804,0.17554003661788928,0.0,1.0,0.0,1.0,0.0,1.0,0
-0.8271043056395267,1.4476367889353265,-1.1028368386382617,1.2210180017950303,0.17554003661788928,1.0,0.0,0.0,1.0,0.0,1.0,1
1.3167024775617353,-1.9126858211753148,0.6493161170473276,-3.8570123911529177,-2.5604293000417506,1.0,0.0,0.0,0.0,1.0,1.0,1
1.3167024775617353,0.09133421967834188,-1.1028368386382617,0.10329110203039725,0.17554003661788928,1.0,0.0,1.0,0.0,0.0,1.0,1
-0.8271043056395267,-0.8383463234344332,1.00351953459703,-0.0038488581889707238,0.17554003661788928,1.0,0.0,1.0,0.0,0.0,1.0,1
-0.8271043056395267,0.6640461347859774,1.1084837902944422,1.4335826471850144,0.17554003661788928,1.0,0.0,0.0,1.0,0.0,1.0,1
-0.8271043056395267,0.2701769723142382,-1.1028368386382617,0.058028178939414726,0.17554003661788928,1.0,0.0,1.0,0.0,0.0,1.0,0
-0.8271043056395267,0.5940800806691156,-1.1028368386382617,-0.23571535156805012,0.17554003661788928,1.0,0.0,1.0,0.0,0.0,0.0,0
-0.8271043056395267,0.34291336913509646,-1.1028368386382617,-0.08379905665370933,0.17554003661788928,1.0,0.0,1.0,0.0,0.0,0.0,0
-0.8271043056395267,-1.2985579865493364,0.9515063044538443,-0.25328327731896777,0.17554003661788928,1.0,0.0,1.0,0.0,0.0,1.0,0
-0.8271043056395267,1.2082822063525438,-1.1028368386382617,1.3085172374225778,0.17554003661788928,1.0,0.0,0.0,0.0,1.0,1.0,0
-0.8271043056395267,0.2033957703603366,0.8527761635159424,-0.14998541639081975,0.17554003661788928,1.0,0.0,0.0,1.0,0.0,1.0,0
-0.8271043056395267,-0.7049684058348702,1.0138456537801122,-0.14998541639081975,0.17554003661788928,0.0,0.0,0.0,0.0,1.0,0.0,0
-0.8271043056395267,-0.5454013927970284,-1.1028368386382617,-0.862197089363886,0.17554003661788928,0.0,0.0,0.0,1.0,0.0,1.0,1
-0.8271043056395267,-0.41307804865227726,0.9676343023448959,0.04272566889238624,0.17554003661788928,0.0,0.0,1.0,0.0,0.0,1.0,1
1.5222778302128526,-4.0354958447453235,1.8927977112896601,2.070535614973872,-2.3128794500174443,0.0,0.0,0.0,0.0,1.0,1.0,0
1.3167024775617353,-0.07430769498515002,-1.1028368386382617,-0.08379905665370933,0.17554003661788928,1.0,0.0,0.0,1.0,0.0,1.0,1
-0.8271043056395267,-1.1694170315865013,-1.1028368386382617,-0.14998541639081975,0.17554003661788928,1.0,0.0,0.0,0.0,1.0,1.0,0
-0.8271043056395267,1.0701530653756939,-1.1028368386382617,0.43470824873718034,0.17554003661788928,1.0,0.0,0.0,1.0,0.0,1.0,0
1.5222778302128526,0.9618969726364471,-1.1028368386382617,-0.019601606123488647,-2.3128794500174443,1.0,0.0,0.0,0.0,1.0,1.0,1
1.3167024775617353,0.3181741378605323,0.8521669790391802,0.7331829242703751,0.17554003661788928,1.0,0.0,1.0,0.0,0.0,1.0,0
-0.8271043056395267,-0.8282225000202457,0.8882776996937887,0.6880994286317845,0.17554003661788928,1.0,0.0,0.0,0.0,1.0,0.0,0
1.3167024775617353,-0.2130522717384954,-1.1028368386382617,-0.3250427419068526,0.17554003661788928,1.0,0.0,1.0,0.0,0.0,0.0,0
-0.8271043056395267,0.5828168730868364,-1.1028368386382617,0.38289066108835995,0.17554003661788928,0.0,0.0,0.0,0.0,1.0,1.0,1
1.3167024775617353,0.18208809168013868,-1.1028368386382617,0.07322221751682088,0.17554003661788928,1.0,0.0,0.0,0.0,1.0,1.0,0
1.5222778302128526,-0.48440183356025585,-1.1028368386382617,-0.535889650237985,0.17554003661788928,1.0,0.0,0.0,0.0,1.0,1.0,1
-0.8271043056395267,1.3402429656296868,-1.1028368386382617,-0.14998541639081975,-1.8284042739782391,0.0,0.0,0.0,1.0,0.0,1.0,1
-0.8271043056395267,-0.4125700103578072,-1.1028368386382617,-1.111815758290904,0.17554003661788928,1.0,0.0,0.0,0.0,1.0,1.0,0
-0.8271043056395267,0.11052273562294171,-1.1028368386382617,-0.14998541639081975,0.17554003661788928,0.0,0.0,0.0,1.0,0.0,1.0,1
1.3167024775617353,-0.14305901215739866,0.8521669790391802,-0.14998541639081975,0.17554003661788928,0.0,0.0,0.0,1.0,0.0,1.0,1
-0.8271043056395267,-0.8649924172231317,0.8168422630191141,-0.43744307300139007,0.17554003661788928,0.0,0.0,0.0,0.0,1.0,0.0,0
-0.8271043056395267,-1.034821408166911,0.897336087537152,-0.23571535156805012,0.17554003661788928,1.0,0.0,0.0,0.0,1.0,1.0,1
-0.8271043056395267,-0.17460956832489,1.0873955278539285,0.5831065876015746,0.17554003661788928,1.0,0.0,1.0,0.0,0.0,1.0,1
0.8542591221141067,-1.5230041559712266,0.8065265696171541,-0.5972350422305313,0.17554003661788928,1.0,0.0,0.0,0.0,1.0,1.0,1
-0.8271043056395267,0.591085609722808,-1.1028368386382617,0.43470824873718034,0.17554003661788928,1.0,0.0,0.0,0.0,1.0,1.0,0
-0.8271043056395267,-1.2894207824755424,0.6364060640375978,-0.5561408697952985,0.17554003661788928,1.0,0.0,0.0,1.0,0.0,1.0,1
-0.8271043056395267,-0.29877778928275944,-1.1028368386382617,-0.618085963925903,0.17554003661788928,0.0,0.0,1.0,0.0,0.0,1.0,0
-0.8271043056395267,0.18510407454259958,0.9534367568630437,-0.3068745461379132,-2.6641782543842276,1.0,0.0,0.0,0.0,1.0,1.0,1
-0.8271043056395267,0.44770464241402297,-1.1028368386382617,-0.06756806177364474,0.17554003661788928,1.0,0.0,1.0,0.0,0.0,1.0,1
0.8542591221141067,0.5990563475353274,0.8399044919544589,1.3593966845052965,0.17554003661788928,1.0,0.0,0.0,1.0,0.0,1.0,1
1.3167024775617353,0.6442475824934161,0.787116636033097,0.9956139658173414,0.17554003661788928,1.0,0.0,0.0,1.0,0.0,1.0,1
0.8542591221141067,0.19876224875887816,-1.1028368386382617,0.0883093485270123,0.17554003661788928,0.0,0.0,0.0,0.0,1.0,1.0,1
-0.8271043056395267,-0.04132875642504989,0.880236264566619,0.21952471892610181,0.17554003661788928,0.0,0.0,0.0,1.0,0.0,1.0,1
-0.8271043056395267,0.208343349951229,-1.1028368386382617,-0.5972350422305313,0.17554003661788928,1.0,1.0,0.0,0.0,1.0,1.0,1
-0.8271043056395267,-0.41307804865227726,-1.1028368386382617,-2.4938764988110207,0.17554003661788928,0.0,0.0,0.0,1.0,0.0,1.0,1
1.3167024775617353,1.0103698914408958,-1.1028368386382617,0.8943940524136059,0.17554003661788928,1.0,0.0,0.0,1.0,0.0,1.0,1
-0.8271043056395267,0.07550434860082905,-1.1028368386382617,0.0117888034744957,0.17554003661788928,1.0,0.0,0.0,1.0,0.0,1.0,1
1.5222778302128526,0.28397051487904434,-1.1028368386382617,-0.019601606123488647,0.17554003661788928,1.0,0.0,0.0,1.0,0.0,1.0,0
-0.8271043056395267,0.6798207854734714,-1.1028368386382617,0.8943940524136059,0.17554003661788928,1.0,1.0,1.0,0.0,0.0,1.0,1
-0.8271043056395267,-1.3479092359952236,0.9620474181531079,-0.6604163309501965,0.17554003661788928,1.0,0.0,0.0,0.0,1.0,0.0,0
-0.8271043056395267,1.0699780365514115,1.042140982838648,0.7553792081419006,0.17554003661788928,1.0,0.0,1.0,0.0,0.0,1.0,1
-0.8271043056395267,1.2335686074067247,-1.1028368386382617,0.7663930774271385,-2.3128794500174443,1.0,0.0,1.0,0.0,0.0,1.0,1
-0.8271043056395267,1.4693487109941947,-1.1028368386382617,-0.8858617036421972,0.17554003661788928,1.0,1.0,0.0,0.0,1.0,1.0,0
1.3167024775617353,0.7122036404421941,-1.1028368386382617,0.9455895373771237,0.17554003661788928,1.0,0.0,0.0,1.0,0.0,1.0,1
1.5222778302128526,-0.04447448486498243,-1.1028368386382617,-0.14998541639081975,-2.3128794500174443,1.0,0.0,0.0,0.0,1.0,1.0,0
0.8542591221141067,-0.3392664884649916,-1.1028368386382617,-0.5972350422305313,0.17554003661788928,1.0,0.0,0.0,1.0,0.0,1.0,1
1.3167024775617353,-0.35969680425247413,0.8094817461308227,-0.9340075742166741,0.17554003661788928,1.0,0.0,0.0,0.0,1.0,1.0,1
-0.8271043056395267,0.8552270762718934,-1.1028368386382617,-0.14998541639081975,0.17554003661788928,0.0,0.0,1.0,0.0,0.0,1.0,1
-0.8271043056395267,-0.2480046524113052,-1.1028368386382617,-1.0594511934205648,0.17554003661788928,0.0,0.0,0.0,0.0,1.0,0.0,0
1.5222778302128526,-0.5288125760681955,0.7813302064880006,-1.220663132451632,-2.3128794500174443,1.0,0.0,0.0,0.0,1.0,0.0,0
1.5222778302128526,-0.44960758280953517,-1.1028368386382617,-0.2709974300213708,0.17554003661788928,1.0,0.0,1.0,0.0,0.0,1.0,1
-0.8271043056395267,-0.6330335345342752,0.7402985847397701,-0.3250427419068526,0.17554003661788928,0.0,0.0,0.0,0.0,1.0,1.0,1
0.8542591221141067,0.9707909521445247,-1.1028368386382617,1.2739334783945224,0.17554003661788928,1.0,1.0,0.0,0.0,1.0,1.0,1
-0.8271043056395267,-0.8114999301691082,-1.1028368386382617,-1.553232230274975,0.17554003661788928,1.0,0.0,0.0,0.0,1.0,1.0,1
-0.8271043056395267,0.25624598615874183,1.047016429475438,0.31631942951176245,0.17554003661788928,1.0,0.0,0.0,1.0,0.0,1.0,1
0.8542591221141067,-0.26810077557811557,0.6824477107139286,0.0117888034744957,0.17554003661788928,1.0,1.0,1.0,0.0,0.0,1.0,1
1.3167024775617353,-0.35822794697817195,0.4083537876053836,0.0883093485270123,0.17554003661788928,1.0,0.0,0.0,1.0,0.0,1.0,1
1.3167024775617353,2.1125466864346025,-1.1028368386382617,2.356068454197384,0.17554003661788928,1.0,1.0,1.0,0.0,0.0,1.0,1
-0.8271043056395267,-0.20907322688654228,0.8632628080499196,-0.16685778725466993,0.17554003661788928,1.0,0.0,1.0,0.0,0.0,0.0,0
-0.8271043056395267,1.195135427615619,-1.1028368386382617,1.1667986749186172,0.17554003661788928,1.0,0.0,0.0,1.0,0.0,1.0,1
1.5222778302128526,-0.409525485168502,-1.1028368386382617,-1.111815758290904,0.17554003661788928,1.0,0.0,0.0,1.0,0.0,1.0,1
-0.8271043056395267,-0.16088103296552417,0.9191688702254042,0.5950263477159674,0.17554003661788928,1.0,0.0,0.0,0.0,1.0,1.0,0
-0.8271043056395267,1.333530363529731,-1.1028368386382617,1.0348264947560015,0.17554003661788928,0.0,0.0,0.0,1.0,0.0,1.0,0
-0.8271043056395267,-0.16258995063723206,0.8392715788911479,-0.14998541639081975,0.17554003661788928,1.0,0.0,1.0,0.0,0.0,1.0,1
-0.8271043056395267,-0.25391314215645855,0.8335211665932016,-0.21829120060566198,0.17554003661788928,1.0,0.0,1.0,0.0,0.0,1.0,1
1.3167024775617353,0.5263793178290249,-1.1028368386382617,0.8099001008599278,0.17554003661788928,1.0,0.0,0.0,0.0,1.0,1.0,1
0.8542591221141067,1.2656367525925778,-1.1028368386382617,0.7553792081419006,0.17554003661788928,1.0,0.0,0.0,0.0,1.0,1.0,1
-0.8271043056395267,-0.45430389191042747,-1.1028368386382617,-0.14998541639081975,0.17554003661788928,0.0,0.0,0.0,1.0,0.0,1.0,1
-0.8271043056395267,-0.40497056298767914,0.9601648057473936,0.44747083476802113,0.17554003661788928,1.0,0.0,0.0,0.0,1.0,1.0,1
-0.8271043056395267,0.517446413001073,-1.1028368386382617,1.400918260585925,0.17554003661788928,1.0,0.0,0.0,0.0,1.0,1.0,0
-0.8271043056395267,-1.321640559402247,0.7115995513187214,-0.5158305579751992,0.17554003661788928,1.0,0.0,0.0,0.0,1.0,0.0,0
-0.8271043056395267,1.8729655376566552,0.8547484557025937,1.7712742603668707,0.17554003661788928,1.0,0.0,1.0,0.0,0.0,1.0,0
0.8542591221141067,-0.41867815931951063,0.8023096245498658,0.1621938112484188,0.17554003661788928,1.0,0.0,0.0,1.0,0.0,1.0,1
-0.8271043056395267,-0.33059772466293774,-1.1028368386382617,-1.220663132451632,0.17554003661788928,1.0,0.0,0.0,0.0,1.0,1.0,1
0.8542591221141067,0.5828168730868364,-1.1028368386382617,0.43470824873718034,0.17554003661788928,1.0,0.0,1.0,0.0,0.0,1.0,1
-0.8271043056395267,0.8313720184207185,-1.1028368386382617,-0.862197089363886,0.17554003661788928,1.0,1.0,0.0,1.0,0.0,1.0,1
0.8542591221141067,0.2883309634171965,-1.1028368386382617,-0.14998541639081975,0.17554003661788928,1.0,0.0,1.0,0.0,0.0,0.0,0
-0.8271043056395267,-0.6592268318522204,-1.1028368386382617,-0.9585018476402082,0.17554003661788928,0.0,0.0,0.0,0.0,1.0,0.0,0
1.3167024775617353,-0.09781329891890041,-1.1028368386382617,-0.5972350422305313,0.17554003661788928,1.0,0.0,0.0,1.0,0.0,1.0,1
-0.8271043056395267,0.5828168730868364,-1.1028368386382617,0.1621938112484188,0.17554003661788928,1.0,0.0,1.0,0.0,0.0,1.0,1
0.8542591221141067,0.3628056462648664,-1.1028368386382617,0.04272566889238624,0.17554003661788928,0.0,0.0,0.0,1.0,0.0,1.0,1
-0.8271043056395267,0.5362949268276787,0.8637050465203028,0.7219993277935018,0.17554003661788928,1.0,1.0,0.0,1.0,0.0,1.0,1
-0.8271043056395267,-0.5387434230370375,0.8882776996937887,0.14761891066806776,0.17554003661788928,0.0,0.0,0.0,1.0,0.0,1.0,1
0.8542591221141067,-0.23401187418212588,-1.1028368386382617,-0.2888603256310467,0.17554003661788928,0.0,0.0,0.0,1.0,0.0,1.0,1
-0.8271043056395267,-0.9937295081142749,-1.1028368386382617,-1.520692184334421,0.17554003661788928,1.0,0.0,0.0,0.0,1.0,0.0,0
-0.8271043056395267,-0.16772892232068565,-1.1028368386382617,-0.6604163309501965,0.17554003661788928,0.0,0.0,1.0,0.0,0.0,1.0,1
1.3167024775617353,0.4205447944982309,-1.1028368386382617,0.0117888034744957,0.17554003661788928,1.0,0.0,0.0,0.0,1.0,1.0,1
1.3167024775617353,2.046318379364424,-1.1028368386382617,1.5596213525347504,0.17554003661788928,1.0,0.0,0.0,0.0,1.0,1.0,1
-0.8271043056395267,0.4510278364483419,-1.1028368386382617,-0.41829121637617084,0.17554003661788928,0.0,1.0,1.0,0.0,0.0,0.0,0
1.5222778302128526,3.5019851184092183,-1.1028368386382617,3.5731774695240452,-1.026086682611871,1.0,0.0,0.0,0.0,1.0,1.0,1
0.8542591221141067,0.603519560994685,1.0834432761834294,1.9453127222272675,0.17554003661788928,1.0,0.0,0.0,0.0,1.0,1.0,1
-0.8271043056395267,2.2738354733633788,1.1548902139742234,3.1225118040678144,0.17554003661788928,1.0,0.0,1.0,0.0,0.0,1.0,0
-0.8271043056395267,1.3906759539418074,-1.1028368386382617,1.4335826471850144,0.17554003661788928,0.0,0.0,0.0,0.0,1.0,1.0,1
1.5222778302128526,-0.24257200999179496,-1.1028368386382617,-0.9340075742166741,-2.3128794500174443,1.0,0.0,1.0,0.0,0.0,1.0,0
-0.8271043056395267,-0.8802347054711225,-1.1028368386382617,-4.93546591463082,0.17554003661788928,0.0,0.0,0.0,0.0,1.0,1.0,0
-0.8271043056395267,-0.2201533407086333,1.0726816237192278,0.3297990201723457,0.17554003661788928,1.0,0.0,1.0,0.0,0.0,0.0,0
1.5222778302128526,0.5060651890689648,-1.1028368386382617,0.0117888034744957,0.17554003661788928,1.0,1.0,1.0,0.0,0.0,1.0,1
1.5222778302128526,-0.26810077557811557,1.0127027475131591,0.30275503887085475,0.17554003661788928,1.0,0.0,1.0,0.0,0.0,1.0,1
-0.8271043056395267,0.20438668199013194,0.82553280210713,0.7331829242703751,0.17554003661788928,1.0,0.0,0.0,1.0,0.0,1.0,0
-0.8271043056395267,0.5679077943316059,1.0820377028104604,1.7148709180590642,0.17554003661788928,1.0,0.0,0.0,1.0,0.0,1.0,1
-0.8271043056395267,0.3554163986107725,-1.1028368386382617,-0.019601606123488647,0.17554003661788928,1.0,1.0,0.0,1.0,0.0,1.0,1
-0.8271043056395267,0.6067339571216004,-1.1028368386382617,1.073349684023952,0.17554003661788928,1.0,0.0,1.0,0.0,0.0,0.0,0
-0.8271043056395267,-0.7331041719781474,1.0195045117229433,-0.23571535156805012,0.17554003661788928,1.0,0.0,0.0,0.0,1.0,1.0,1
-0.8271043056395267,-0.5107782938364612,0.8521669790391802,-0.14998541639081975,0.17554003661788928,1.0,0.0,1.0,0.0,0.0,1.0,1
-0.8271043056395267,1.863550412385986,-1.1028368386382617,2.541342259698123,0.17554003661788928,1.0,0.0,0.0,1.0,0.0,1.0,1
-0.8271043056395267,-0.09781329891890041,1.0002718632931213,0.1910503528013906,-2.3128794500174443,1.0,0.0,1.0,0.0,0.0,1.0,1
-0.8271043056395267,-0.6125237022982962,0.8771355230624517,-0.11663575950183827,0.17554003661788928,1.0,0.0,0.0,1.0,0.0,1.0,1
-0.8271043056395267,-0.9997473583821683,-1.1028368386382617,-1.3355205497033746,0.17554003661788928,0.0,0.0,1.0,0.0,0.0,1.0,1
-0.8271043056395267,0.27269503613544344,-1.1028368386382617,-0.4762740692488179,0.17554003661788928,1.0,0.0,0.0,1.0,0.0,1.0,1
-0.8271043056395267,-0.7476924795211222,1.042140982838648,0.3297990201723457,0.17554003661788928,1.0,1.0,1.0,0.0,0.0,1.0,1
-0.8271043056395267,0.6521537757584046,1.0961480625379916,0.9857001372606693,0.17554003661788928,1.0,0.0,1.0,0.0,0.0,0.0,0
-0.8271043056395267,-0.04132875642504989,0.9104230116613856,0.1621938112484188,0.17554003661788928,1.0,0.0,1.0,0.0,0.0,1.0,1
-0.8271043056395267,-1.7298391757586298,-1.1028368386382617,-2.5465547608739065,0.17554003661788928,1.0,0.0,0.0,0.0,1.0,1.0,0
1.3167024775617353,-0.39590312575925635,0.5169191969930276,-1.220663132451632,0.17554003661788928,1.0,0.0,0.0,0.0,1.0,1.0,1
-0.8271043056395267,-1.3291004536573097,0.7915284903572551,-0.5158305579751992,0.17554003661788928,1.0,0.0,0.0,0.0,1.0,1.0,1
-0.8271043056395267,-0.11549239529559376,0.539077246607203,0.43470824873718034,0.17554003661788928,1.0,0.0,0.0,0.0,1.0,1.0,1
-0.8271043056395267,-0.33059772466293774,0.9104230116613856,-0.019601606123488647,0.17554003661788928,1.0,0.0,0.0,1.0,0.0,1.0,1
-0.8271043056395267,0.5355147121183136,1.0346978226177024,1.8194821063472388,0.17554003661788928,1.0,0.0,1.0,0.0,0.0,1.0,0
0.8542591221141067,0.7276581091167926,-1.1028368386382617,0.11816897521854876,-2.3128794500174443,1.0,0.0,0.0,0.0,1.0,1.0,1
0.8542591221141067,-1.026360062832799,-1.1028368386382617,-1.3355205497033746,-1.026086682611871,1.0,1.0,1.0,0.0,0.0,0.0,0
0.8542591221141067,0.17872939554038703,-1.1028368386382617,-0.9340075742166741,0.17554003661788928,0.0,0.0,1.0,0.0,0.0,1.0,0
-0.8271043056395267,-1.3394169601875698,0.8176877413721353,-0.7255497588537938,0.17554003661788928,1.0,0.0,0.0,0.0,1.0,1.0,1
1.5222778302128526,1.2084398009185657,-1.1028368386382617,0.7331829242703751,0.17554003661788928,1.0,0.0,1.0,0.0,0.0,1.0,1
-0.8271043056395267,-0.6306751227341458,0.8312580811716008,0.36973968185079875,0.17554003661788928,1.0,0.0,1.0,0.0,0.0,1.0,1
-0.8271043056395267,-0.3799210587475893,0.8312580811716008,-0.36185201735023564,0.17554003661788928,1.0,0.0,1.0,0.0,0.0,1.0,1
-0.8271043056395267,-0.4166392714688024,-1.1028368386382617,-0.5158305579751992,0.17554003661788928,0.0,0.0,0.0,1.0,0.0,1.0,1
-0.8271043056395267,0.503937327146134,1.0769147542037931,0.6186712265946805,0.17554003661788928,1.0,0.0,0.0,1.0,0.0,1.0,1
-0.8271043056395267,-0.6914043378793985,0.7739047459340723,-0.862197089363886,0.17554003661788928,0.0,0.0,0.0,0.0,1.0,1.0,1
1.3167024775617353,-1.5497042380827906,1.620599639396971,1.2652020604615264,0.17554003661788928,1.0,1.0,0.0,0.0,1.0,1.0,0
-0.8271043056395267,-0.10313517221599072,-1.1028368386382617,-0.3068745461379132,0.17554003661788928,0.0,0.0,0.0,1.0,0.0,1.0,1
1.3167024775617353,-0.9290666272577015,0.6936856572275871,-0.06756806177364474,0.17554003661788928,1.0,0.0,1.0,0.0,0.0,0.0,0
-0.8271043056395267,0.08990243556045237,-1.1028368386382617,0.3565080978065952,0.17554003661788928,0.0,0.0,1.0,0.0,0.0,1.0,1
-0.8271043056395267,0.7664191212360839,-1.1028368386382617,-0.14998541639081975,0.17554003661788928,1.0,0.0,0.0,0.0,1.0,1.0,0
-0.8271043056395267,-0.4125700103578072,0.8813568172622952,0.3565080978065952,0.17554003661788928,0.0,0.0,0.0,1.0,0.0,1.0,1
-0.8271043056395267,-0.38141196000672595,0.9398079342080351,-0.3250427419068526,0.17554003661788928,1.0,0.0,0.0,0.0,1.0,1.0,1
1.3167024775617353,0.06752254167767274,0.9965939981896692,0.058028178939414726,-2.3128794500174443,1.0,0.0,0.0,0.0,1.0,1.0,1
-0.8271043056395267,-0.9119014994918576,0.8995966310282062,0.10329110203039725,0.17554003661788928,1.0,0.0,0.0,0.0,1.0,1.0,1
-0.8271043056395267,-0.1380073547601506,0.7817065719116859,0.0883093485270123,0.17554003661788928,0.0,0.0,1.0,0.0,0.0,1.0,1
1.5222778302128526,-0.33059772466293774,0.8645877927705932,0.0117888034744957,0.17554003661788928,1.0,1.0,0.0,1.0,0.0,1.0,1
0.8542591221141067,1.6870913877040055,1.406405074256018,2.0644379631613963,0.17554003661788928,1.0,0.0,0.0,1.0,0.0,1.0,0
1.3167024775617353,-1.2785271444707567,0.8188678418345627,-0.5765880256689523,0.17554003661788928,1.0,1.0,0.0,1.0,0.0,1.0,1
-0.8271043056395267,-0.37743960634206725,-1.1028368386382617,-2.8328632801207347,0.17554003661788928,0.0,0.0,0.0,0.0,1.0,1.0,1
1.3167024775617353,-0.28614951158921265,-1.1028368386382617,0.13294443335255615,0.17554003661788928,0.0,0.0,0.0,0.0,1.0,1.0,0
-0.8271043056395267,0.5316069779088297,-1.1028368386382617,0.04272566889238624,0.17554003661788928,1.0,1.0,0.0,1.0,0.0,1.0,1
1.3167024775617353,0.21261719260440787,0.7245895819624955,0.30275503887085475,0.17554003661788928,1.0,0.0,0.0,1.0,0.0,1.0,1
-0.8271043056395267,-0.49457328926649596,0.9836643793333827,-0.14998541639081975,0.17554003661788928,1.0,0.0,0.0,0.0,1.0,0.0,0
-0.8271043056395267,-0.4171487268196018,0.974945394436721,-0.7477164292824243,0.17554003661788928,1.0,0.0,1.0,0.0,0.0,1.0,1
1.3167024775617353,-0.5700745625914502,0.8183625927977208,0.04272566889238624,0.17554003661788928,1.0,0.0,0.0,1.0,0.0,0.0,0
-0.8271043056395267,0.3991733609656303,-1.1028368386382617,0.10329110203039725,0.17554003661788928,1.0,0.0,0.0,0.0,1.0,1.0,1
-0.8271043056395267,-0.061901005269600094,0.7940753909056142,0.2891047478536559,0.17554003661788928,1.0,0.0,1.0,0.0,0.0,0.0,0
1.5222778302128526,3.185372703253656,-1.1028368386382617,3.234611110001419,-2.3128794500174443,1.0,0.0,0.0,1.0,0.0,0.0,1
-0.8271043056395267,-0.0953637042550668,0.7767803286756234,-0.14998541639081975,0.17554003661788928,1.0,0.0,1.0,0.0,0.0,1.0,1
1.3167024775617353,0.9479643086663379,-1.1028368386382617,0.7331829242703751,0.17554003661788928,1.0,0.0,1.0,0.0,0.0,1.0,1
-0.8271043056395267,-1.062061821990991,0.7672932124085975,-0.5972350422305313,0.17554003661788928,1.0,0.0,0.0,1.0,0.0,1.0,1
-0.8271043056395267,0.03066424440674887,-1.1028368386382617,-0.23571535156805012,-2.3128794500174443,1.0,0.0,0.0,1.0,0.0,1.0,1
-0.8271043056395267,-0.37298360942687075,0.731226101907784,0.13294443335255615,0.17554003661788928,1.0,0.0,0.0,1.0,0.0,1.0,1
-0.8271043056395267,2.3463431980511253,1.2345714369577363,2.7489668321284904,0.17554003661788928,1.0,0.0,0.0,0.0,1.0,1.0,1
1.5222778302128526,1.2380441238509117,-1.1028368386382617,1.686123907035602,0.17554003661788928,1.0,1.0,0.0,1.0,0.0,1.0,1
-0.8271043056395267,-1.2313147355876373,0.777542972666056,-0.5158305579751992,0.17554003661788928,0.0,0.0,0.0,1.0,0.0,1.0,1
1.3167024775617353,0.17097382351441534,0.8521669790391802,0.43470824873718034,0.17554003661788928,1.0,1.0,0.0,1.0,0.0,1.0,1
-0.8271043056395267,-0.40598154093383343,-1.1028368386382617,-1.1929134240013874,0.17554003661788928,0.0,0.0,0.0,0.0,1.0,0.0,0
-0.8271043056395267,-0.45378133554824535,0.8709918557604351,0.10329110203039725,0.17554003661788928,1.0,0.0,0.0,1.0,0.0,0.0,0
-0.8271043056395267,-0.6383537294100567,-1.1028368386382617,-1.3652557708251363,-1.026086682611871,1.0,0.0,1.0,0.0,0.0,1.0,0
-0.8271043056395267,-1.1196810430052333,0.8708476459807217,0.07322221751682088,0.17554003661788928,1.0,0.0,0.0,1.0,0.0,1.0,1
-0.8271043056395267,0.022425341536964835,-1.1028368386382617,-2.1155603882768905,0.17554003661788928,0.0,0.0,0.0,1.0,0.0,1.0,1
0.8542591221141067,-0.20951480129734282,-1.1028368386382617,-0.5158305579751992,-1.8284042739782391,1.0,0.0,0.0,0.0,1.0,1.0,1
-0.8271043056395267,-0.4918897507097987,0.8678049678308783,0.34319489007423537,0.17554003661788928,1.0,0.0,1.0,0.0,0.0,1.0,1
-0.8271043056395267,2.0119051058369584,-1.1028368386382617,0.8099001008599278,0.17554003661788928,1.0,1.0,0.0,0.0,1.0,0.0,0
-0.8271043056395267,-0.15746927929990112,-1.1028368386382617,-2.203734723210406,-2.3128794500174443,1.0,0.0,1.0,0.0,0.0,1.0,1
-0.8271043056395267,-0.9119014994918576,0.7522260656078391,-0.618085963925903,0.17554003661788928,1.0,0.0,0.0,0.0,1.0,1.0,1
-0.8271043056395267,-0.592868483890569,0.815824867049011,-0.05145939748183092,0.17554003661788928,1.0,0.0,1.0,0.0,0.0,1.0,1
-0.8271043056395267,0.30533064657670483,-1.1028368386382617,0.04272566889238624,0.17554003661788928,0.0,0.0,1.0,0.0,0.0,1.0,1
0.8542591221141067,-0.3339627710633353,0.5965886025972575,-0.41829121637617084,-2.628629099317595,0.0,0.0,0.0,1.0,0.0,1.0,1
-0.8271043056395267,-2.3346408740012543,0.9437906661362365,-0.2888603256310467,0.17554003661788928,1.0,0.0,1.0,0.0,0.0,1.0,1
1.3167024775617353,-0.46111414085554014,1.3014301410735851,0.8943940524136059,0.17554003661788928,1.0,0.0,0.0,0.0,1.0,1.0,1
0.8542591221141067,-0.47218260313415444,0.6331705174742129,-0.5158305579751992,0.17554003661788928,1.0,0.0,0.0,0.0,1.0,1.0,1
0.8542591221141067,-0.2612184197884777,-1.1028368386382617,0.36973968185079875,-2.6614219605771594,0.0,0.0,0.0,1.0,0.0,1.0,0
-0.8271043056395267,-0.5069811098757027,-1.1028368386382617,-0.7701191304941116,0.17554003661788928,1.0,0.0,0.0,1.0,0.0,0.0,0
-0.8271043056395267,-0.953723121139171,0.8497191856894085,-0.14998541639081975,0.17554003661788928,1.0,0.0,0.0,0.0,1.0,1.0,1
-0.8271043056395267,-0.31864291578091153,-1.1028368386382617,-0.9585018476402082,-2.6614219605771594,1.0,0.0,0.0,1.0,0.0,1.0,0
-0.8271043056395267,1.2327954179899603,-1.1028368386382617,-1.0854692762036438,-2.3128794500174443,1.0,0.0,0.0,0.0,1.0,1.0,1
-0.8271043056395267,0.30533064657670483,0.9156467876590294,0.31631942951176245,4.104711360090853,0.0,0.0,1.0,0.0,0.0,1.0,0
0.8542591221141067,-0.6300861060898554,0.7575271997237666,0.7882551565911518,0.17554003661788928,1.0,1.0,0.0,1.0,0.0,1.0,0
1.5222778302128526,0.08380113642493789,0.8079204909393568,0.43470824873718034,0.17554003661788928,1.0,0.0,0.0,0.0,1.0,0.0,1
-0.8271043056395267,-0.7331041719781474,0.7911630558416858,-0.535889650237985,-1.026086682611871,0.0,1.0,0.0,1.0,0.0,1.0,0
0.8542591221141067,2.2570549770272854,-1.1028368386382617,3.234611110001419,0.17554003661788928,0.0,1.0,0.0,1.0,0.0,1.0,1
-0.8271043056395267,-0.7438730542816341,0.8570099560275386,-0.14998541639081975,0.17554003661788928,1.0,0.0,0.0,0.0,1.0,1.0,1
1.3167024775617353,-0.7438730542816341,0.8878663999268087,-0.06756806177364474,0.17554003661788928,1.0,0.0,1.0,0.0,0.0,1.0,1
1.3167024775617353,1.0699780365514115,-1.1028368386382617,1.325607774866162,0.17554003661788928,1.0,0.0,0.0,1.0,0.0,1.0,1
-0.8271043056395267,-0.14305901215739866,-1.1028368386382617,-0.2709974300213708,4.104711360090853,1.0,0.0,0.0,0.0,1.0,1.0,0
-0.8271043056395267,-0.2694811822499776,-1.1028368386382617,-0.11663575950183827,0.17554003661788928,0.0,1.0,0.0,0.0,1.0,1.0,1
-0.8271043056395267,-0.14305901215739866,-1.1028368386382617,-0.5158305579751992,0.17554003661788928,1.0,0.0,0.0,0.0,1.0,1.0,1
-0.8271043056395267,-0.4632159858709771,-1.1028368386382617,-1.1929134240013874,4.104711360090853,1.0,0.0,0.0,0.0,1.0,1.0,0
1.5222778302128526,-0.7037301848303873,0.7665066667771046,0.5950263477159674,0.17554003661788928,1.0,0.0,1.0,0.0,0.0,1.0,0
1.5222778302128526,-0.4558726803981351,-1.1028368386382617,1.400918260585925,0.17554003661788928,0.0,0.0,1.0,0.0,0.0,1.0,1
-0.8271043056395267,0.9466206295081464,-1.1028368386382617,-0.43744307300139007,0.17554003661788928,1.0,0.0,0.0,0.0,1.0,0.0,0
-0.8271043056395267,-0.3739726543079362,-1.1028368386382617,-0.9585018476402082,0.17554003661788928,0.0,0.0,0.0,0.0,1.0,1.0,1
-0.8271043056395267,-0.9997473583821683,0.6601042368953,-0.14998541639081975,0.17554003661788928,1.0,0.0,0.0,0.0,1.0,1.0,1
-0.8271043056395267,0.08775203873171734,0.5318617774103896,-0.7927630705618234,0.17554003661788928,1.0,1.0,0.0,1.0,0.0,1.0,0
1.3167024775617353,0.16521384556075902,-1.1028368386382617,-0.5158305579751992,0.17554003661788928,1.0,0.0,0.0,0.0,1.0,1.0,0
1.3167024775617353,-0.6664514816159053,0.6713358163538501,-0.5765880256689523,0.17554003661788928,1.0,0.0,0.0,1.0,0.0,1.0,1
1.5222778302128526,0.3847404382137098,0.8014243627876069,0.7553792081419006,0.17554003661788928,1.0,1.0,0.0,1.0,0.0,1.0,1
-0.8271043056395267,0.17097382351441534,-1.1028368386382617,-0.2888603256310467,0.17554003661788928,0.0,0.0,1.0,0.0,0.0,1.0,0
0.8542591221141067,1.119958617852908,-1.1028368386382617,0.30275503887085475,0.17554003661788928,0.0,1.0,0.0,1.0,0.0,1.0,1
-0.8271043056395267,-0.5026534504990076,-1.1028368386382617,-1.520692184334421,0.17554003661788928,0.0,0.0,0.0,0.0,1.0,1.0,1
-0.8271043056395267,0.34051904562918234,0.7385895952462954,0.49778127928311,0.17554003661788928,1.0,0.0,0.0,0.0,1.0,0.0,0
0.8542591221141067,-0.1849926139660813,-1.1028368386382617,-0.618085963925903,0.17554003661788928,0.0,0.0,0.0,1.0,0.0,1.0,1
-0.8271043056395267,0.9307789359169575,0.6272035695180025,0.6186712265946805,0.17554003661788928,1.0,0.0,0.0,1.0,0.0,1.0,1
1.5222778302128526,-0.2847531361073022,0.6924558783469742,-0.019601606123488647,0.17554003661788928,1.0,0.0,0.0,1.0,0.0,0.0,0
0.8542591221141067,1.404983807313151,1.0508000168259175,0.43470824873718034,-2.3128794500174443,1.0,1.0,0.0,0.0,1.0,0.0,0
-0.8271043056395267,0.08380113642493789,0.9040731950312638,-0.3250427419068526,0.17554003661788928,1.0,0.0,0.0,0.0,1.0,1.0,0
-0.8271043056395267,-0.2713237741983697,-1.1028368386382617,-3.1670881112880442,-2.5604293000417506,1.0,1.0,0.0,1.0,0.0,1.0,1
0.8542591221141067,0.10202664554193541,0.8047759640006967,-0.20100843391495393,0.17554003661788928,1.0,0.0,0.0,0.0,1.0,1.0,1
1.5222778302128526,0.06497341530552633,-1.1028368386382617,-0.5158305579751992,0.17554003661788928,1.0,0.0,0.0,0.0,1.0,1.0,1
-0.8271043056395267,-1.1889196051727875,0.623265188917655,-1.871835361163309,0.17554003661788928,1.0,0.0,0.0,1.0,0.0,1.0,1
-0.8271043056395267,0.5370746986152396,-1.1028368386382617,0.21952471892610181,0.17554003661788928,1.0,0.0,0.0,0.0,1.0,1.0,1
0.8542591221141067,0.06570220521862788,0.9692604163940796,0.5831065876015746,-2.628629099317595,1.0,0.0,1.0,0.0,0.0,1.0,0
-0.8271043056395267,-0.3918911643253566,0.9763256378916373,0.5831065876015746,0.17554003661788928,1.0,0.0,0.0,0.0,1.0,1.0,1
-0.8271043056395267,0.022425341536964835,1.2612652047922428,0.7219993277935018,0.17554003661788928,1.0,0.0,0.0,0.0,1.0,1.0,1
0.8542591221141067,0.40404652824720166,0.6617326494563567,0.7443093525159628,0.17554003661788928,1.0,0.0,0.0,0.0,1.0,1.0,1
1.5222778302128526,0.8345076365019575,-1.1028368386382617,-0.06756806177364474,-2.6512317094016966,1.0,1.0,0.0,0.0,1.0,1.0,1
-0.8271043056395267,0.8432487026433347,-1.1028368386382617,0.13294443335255615,0.17554003661788928,0.0,1.0,1.0,0.0,0.0,1.0,1
-0.8271043056395267,-0.10847689086329879,-1.1028368386382617,-0.3250427419068526,0.17554003661788928,1.0,0.0,1.0,0.0,0.0,1.0,1
-0.8271043056395267,2.3357049042527174,-1.1028368386382617,-0.14998541639081975,0.17554003661788928,1.0,0.0,1.0,0.0,0.0,1.0,0
-0.8271043056395267,-0.39590312575925635,0.877277082533662,-0.05145939748183092,-2.3128794500174443,1.0,0.0,0.0,0.0,1.0,0.0,0
-0.8271043056395267,0.5828168730868364,-1.1028368386382617,0.17667050986716967,0.17554003661788928,1.0,0.0,0.0,0.0,1.0,1.0,1
0.8542591221141067,2.04639995947136,0.8767104897336425,-0.8156536332977555,0.17554003661788928,1.0,1.0,0.0,1.0,0.0,1.0,1
0.8542591221141067,-0.7910199596762022,0.8365683457809528,0.1621938112484188,-2.3128794500174443,1.0,0.0,0.0,0.0,1.0,1.0,0
-0.8271043056395267,-0.7975958317708118,-1.1028368386382617,-0.5972350422305313,4.104711360090853,1.0,0.0,0.0,1.0,0.0,1.0,0
-0.8271043056395267,0.17097382351441534,1.177054932826804,1.400918260585925,0.17554003661788928,1.0,0.0,0.0,1.0,0.0,1.0,1
1.3167024775617353,1.2327954179899603,1.2914035913970543,2.246164565080922,-1.026086682611871,1.0,1.0,1.0,0.0,0.0,1.0,1
-0.8271043056395267,-0.05118226893656283,0.9143800471526355,-1.6887821909975231,0.17554003661788928,1.0,0.0,1.0,0.0,0.0,1.0,1
-0.8271043056395267,-0.1527913010480512,0.8016016027291393,0.02731308862176866,0.17554003661788928,1.0,0.0,0.0,1.0,0.0,1.0,1
-0.8271043056395267,-0.7975958317708118,-1.1028368386382617,-1.3062054064236017,0.17554003661788928,0.0,0.0,0.0,0.0,1.0,1.0,1
0.8542591221141067,-0.15704337885189348,0.961052023217619,0.31631942951176245,0.17554003661788928,1.0,0.0,0.0,1.0,0.0,1.0,0
0.8542591221141067,-0.980276153942492,0.9134905242409536,-0.019601606123488647,0.17554003661788928,1.0,0.0,0.0,0.0,1.0,1.0,1
-0.8271043056395267,0.5391519282972674,-1.1028368386382617,0.13294443335255615,0.17554003661788928,1.0,0.0,1.0,0.0,0.0,1.0,1
-0.8271043056395267,-0.5189482930721409,1.1815759804128512,0.36973968185079875,-2.6512317094016966,1.0,0.0,0.0,0.0,1.0,1.0,1
1.3167024775617353,-0.038974003165321416,0.754275009477503,0.53476138846114,0.17554003661788928,1.0,0.0,0.0,0.0,1.0,1.0,1
1.3167024775617353,0.30533064657670483,1.0347873714941807,1.2387981750897197,0.17554003661788928,1.0,0.0,0.0,1.0,0.0,1.0,1
-0.8271043056395267,-0.8410575897276248,-1.1028368386382617,-1.0854692762036438,0.17554003661788928,1.0,0.0,0.0,0.0,1.0,1.0,0
1.3167024775617353,-0.44700501515876145,0.7274818200155008,-0.2709974300213708,0.17554003661788928,1.0,0.0,0.0,0.0,1.0,1.0,1
-0.8271043056395267,-1.101036997289608,0.9851136133625721,-0.019601606123488647,0.17554003661788928,1.0,0.0,0.0,1.0,0.0,1.0,1
1.3167024775617353,0.7332959157510066,-1.1028368386382617,-0.14998541639081975,0.17554003661788928,1.0,1.0,1.0,0.0,0.0,0.0,0
0.8542591221141067,-1.2740107603769306,-1.1028368386382617,-1.488656710771183,0.17554003661788928,1.0,0.0,1.0,0.0,0.0,1.0,0
-0.8271043056395267,0.22633669048605662,-1.1028368386382617,-0.6391449602446815,0.17554003661788928,1.0,0.0,0.0,1.0,0.0,1.0,1
-0.8271043056395267,2.162910540897332,-1.1028368386382617,-0.06756806177364474,0.17554003661788928,0.0,1.0,0.0,0.0,1.0,1.0,1
-0.8271043056395267,-0.004494347293454499,1.0145106180479204,0.31631942951176245,0.17554003661788928,1.0,0.0,1.0,0.0,0.0,1.0,1
1.3167024775617353,0.3610358063855039,-1.1028368386382617,0.36973968185079875,0.17554003661788928,1.0,0.0,0.0,1.0,0.0,1.0,1
-0.8271043056395267,-0.5689440537361993,0.7971421654679766,-0.41829121637617084,0.17554003661788928,1.0,0.0,0.0,1.0,0.0,1.0,1
0.8542591221141067,1.7320546629593119,-1.1028368386382617,-2.2959084950335447,0.17554003661788928,0.0,0.0,0.0,0.0,1.0,1.0,1
-0.8271043056395267,-0.5398509966618992,0.8980025128787907,-0.3068745461379132,0.17554003661788928,1.0,0.0,0.0,1.0,0.0,1.0,1
1.5222778302128526,-0.29877778928275944,0.9104230116613856,-0.10015430098343236,0.17554003661788928,1.0,0.0,1.0,0.0,0.0,0.0,0
1.3167024775617353,0.6442475824934161,1.1787868126106298,0.7663930774271385,-2.3128794500174443,1.0,0.0,0.0,1.0,0.0,1.0,1
-0.8271043056395267,-0.6604285001933331,-1.1028368386382617,-1.220663132451632,0.17554003661788928,1.0,0.0,0.0,1.0,0.0,1.0,1
-0.8271043056395267,-0.2959619855689712,1.0962232267390526,-0.10015430098343236,0.17554003661788928,1.0,0.0,0.0,1.0,0.0,1.0,1
0.8542591221141067,-0.09129033720034076,-1.1028368386382617,-1.3062054064236017,0.17554003661788928,1.0,0.0,0.0,0.0,1.0,1.0,0
1.3167024775617353,-0.4558726803981351,0.8648815304076692,-0.05145939748183092,0.17554003661788928,1.0,0.0,0.0,0.0,1.0,1.0,1
0.8542591221141067,1.0249363058891288,0.8767104897336425,0.676681009347116,0.17554003661788928,1.0,0.0,0.0,0.0,1.0,1.0,1
-0.8271043056395267,-1.0636332608630843,1.2345204157980365,-1.220663132451632,-2.3128794500174443,1.0,0.0,0.0,1.0,0.0,1.0,0
-0.8271043056395267,-0.2525475003203737,-1.1028368386382617,-0.9340075742166741,-1.026086682611871,1.0,0.0,0.0,1.0,0.0,1.0,1
1.3167024775617353,-1.1753263500589886,0.7739047459340723,-0.2709974300213708,-2.3128794500174443,1.0,0.0,0.0,1.0,0.0,1.0,1
1.3167024775617353,1.0699780365514115,0.9868652726290139,0.49778127928311,0.17554003661788928,1.0,0.0,1.0,0.0,0.0,1.0,1
1.3167024775617353,0.6138774115194225,0.7739047459340723,0.7553792081419006,4.104711360090853,1.0,0.0,0.0,1.0,0.0,1.0,0
1.3167024775617353,-0.5610546576926794,-1.1028368386382617,-2.0728649862524553,-2.3128794500174443,1.0,0.0,0.0,0.0,1.0,0.0,0
-0.8271043056395267,-0.17849443925240796,0.7402985847397701,0.21952471892610181,0.17554003661788928,0.0,0.0,0.0,1.0,0.0,1.0,1
-0.8271043056395267,-1.3291004536573097,0.800536751024085,-0.618085963925903,0.17554003661788928,1.0,0.0,1.0,0.0,0.0,1.0,1
-0.8271043056395267,1.333530363529731,0.7817065719116859,1.1391791541623983,0.17554003661788928,0.0,0.0,1.0,0.0,0.0,1.0,0
-0.8271043056395267,0.04626153563463762,-1.1028368386382617,-0.2888603256310467,0.17554003661788928,0.0,0.0,0.0,1.0,0.0,1.0,0
-0.8271043056395267,0.64568848660592,-1.1028368386382617,0.43470824873718034,0.17554003661788928,1.0,0.0,0.0,0.0,1.0,1.0,1
-0.8271043056395267,-1.0573572251765604,-1.1028368386382617,-0.535889650237985,0.17554003661788928,0.0,0.0,0.0,1.0,0.0,0.0,0
-0.8271043056395267,-0.2525475003203737,0.7818945952900874,-0.25328327731896777,0.17554003661788928,1.0,0.0,0.0,1.0,0.0,1.0,1
1.3167024775617353,0.9317502863215249,-1.1028368386382617,0.7553792081419006,0.17554003661788928,1.0,0.0,0.0,0.0,1.0,1.0,1
-0.8271043056395267,-0.4014376421857621,0.922778872891616,-0.14998541639081975,0.17554003661788928,1.0,0.0,1.0,0.0,0.0,1.0,1
0.8542591221141067,1.4367082762793564,-1.1028368386382617,1.82628462168232,0.17554003661788928,1.0,0.0,0.0,0.0,1.0,1.0,1
-0.8271043056395267,0.5073934341974874,1.177054932826804,0.7553792081419006,0.17554003661788928,1.0,0.0,0.0,1.0,0.0,1.0,1
-0.8271043056395267,0.636053578834206,-1.1028368386382617,0.058028178939414726,0.17554003661788928,1.0,0.0,1.0,0.0,0.0,1.0,0
-0.8271043056395267,-0.592868483890569,-1.1028368386382617,-1.1929134240013874,0.17554003661788928,1.0,0.0,0.0,0.0,1.0,1.0,1
-0.8271043056395267,0.30533064657670483,-1.1028368386382617,-0.45676959211923457,0.17554003661788928,0.0,0.0,0.0,1.0,0.0,0.0,0
1.3167024775617353,2.034761290941803,0.6284057931035546,0.30275503887085475,0.17554003661788928,1.0,1.0,1.0,0.0,0.0,1.0,1
1.3167024775617353,0.2814727045878152,-1.1028368386382617,0.510178269934632,0.17554003661788928,1.0,0.0,0.0,1.0,0.0,0.0,1
-0.8271043056395267,0.9980465395277899,-1.1028368386382617,1.5596213525347504,0.17554003661788928,1.0,0.0,0.0,0.0,1.0,1.0,0
-0.8271043056395267,-0.7174076089291881,1.2126444987659413,0.7553792081419006,0.17554003661788928,1.0,0.0,1.0,0.0,0.0,1.0,1
-0.8271043056395267,2.0009516097712083,-1.1028368386382617,1.4416738816433834,0.17554003661788928,1.0,1.0,0.0,0.0,1.0,1.0,1
-0.8271043056395267,-0.9140364825521458,1.1013712735162624,-0.5158305579751992,0.17554003661788928,0.0,0.0,0.0,1.0,0.0,1.0,1
1.5222778302128526,0.3800900075427906,-1.1028368386382617,-0.6391449602446815,0.17554003661788928,1.0,0.0,0.0,0.0,1.0,1.0,0
0.8542591221141067,-0.43406113500288285,0.92091639035402,0.5590687393040075,0.17554003661788928,1.0,0.0,0.0,1.0,0.0,1.0,0
1.3167024775617353,0.7482905870306497,0.7971421654679766,1.1850207212669668,-1.026086682611871,1.0,0.0,0.0,1.0,0.0,1.0,1
-0.8271043056395267,1.8913084440476353,-1.1028368386382617,-0.5972350422305313,0.17554003661788928,1.0,0.0,0.0,1.0,0.0,1.0,1
0.8542591221141067,1.12701866430935,1.1363915887619058,2.223525266630264,0.17554003661788928,1.0,1.0,1.0,0.0,0.0,0.0,0
0.8542591221141067,0.786689650164502,-1.1028368386382617,0.8943940524136059,0.17554003661788928,1.0,0.0,0.0,1.0,0.0,1.0,1
0.8542591221141067,-0.6413176684064851,0.8132677861651926,-0.23571535156805012,0.17554003661788928,1.0,0.0,0.0,1.0,0.0,1.0,1
-0.8271043056395267,-0.29034672787335647,-1.1028368386382617,-0.035471189371664165,0.17554003661788928,1.0,0.0,0.0,1.0,0.0,1.0,0
1.3167024775617353,-0.3153131253027257,0.8258626021806353,-0.2888603256310467,0.17554003661788928,1.0,0.0,1.0,0.0,0.0,0.0,0
-0.8271043056395267,-1.2498486000619913,0.8926342041980784,-0.14998541639081975,0.17554003661788928,0.0,0.0,0.0,0.0,1.0,1.0,1
0.8542591221141067,1.3093950038141107,0.8117241197788808,0.6994581998308899,-2.3128794500174443,1.0,1.0,0.0,0.0,1.0,1.0,1
-0.8271043056395267,0.1311942549046432,-1.1028368386382617,-0.14998541639081975,0.17554003661788928,1.0,0.0,1.0,0.0,0.0,1.0,1
-0.8271043056395267,-0.8767569550342718,1.0036174758726546,0.5831065876015746,0.17554003661788928,1.0,0.0,0.0,1.0,0.0,1.0,1
0.8542591221141067,-0.2525475003203737,0.6484712404889585,0.0883093485270123,0.17554003661788928,1.0,0.0,0.0,0.0,1.0,1.0,1
0.8542591221141067,-0.7331041719781474,0.9104230116613856,-0.7255497588537938,0.17554003661788928,1.0,0.0,0.0,1.0,0.0,1.0,1
0.8542591221141067,-0.29877778928275944,0.9104230116613856,0.5950263477159674,0.17554003661788928,1.0,0.0,0.0,1.0,0.0,1.0,1
0.8542591221141067,0.022425341536964835,1.0070281245447943,0.904729537752294,0.17554003661788928,1.0,0.0,0.0,0.0,1.0,1.0,0
0.8542591221141067,0.6798207854734714,1.2631560257658843,0.676681009347116,0.17554003661788928,1.0,0.0,0.0,0.0,1.0,0.0,0
0.8542591221141067,-0.29924762182700654,0.7767803286756234,-0.3068745461379132,-2.3128794500174443,1.0,0.0,0.0,0.0,1.0,1.0,1
1.3167024775617353,-0.2480046524113052,1.0961480625379916,1.2999220359825976,0.17554003661788928,1.0,0.0,1.0,0.0,0.0,1.0,1
-0.8271043056395267,-0.16815799993336236,-1.1028368386382617,-0.3250427419068526,0.17554003661788928,1.0,0.0,1.0,0.0,0.0,1.0,1
-0.8271043056395267,1.1410263870593425,1.0769147542037931,1.7989491457455187,0.17554003661788928,1.0,0.0,1.0,0.0,0.0,1.0,0
-0.8271043056395267,-0.18152327123157772,1.1417852086678453,0.7553792081419006,0.17554003661788928,1.0,0.0,0.0,1.0,0.0,1.0,1
-0.8271043056395267,0.7030298852716509,-1.1028368386382617,-0.41829121637617084,0.17554003661788928,1.0,0.0,1.0,0.0,0.0,0.0,0
1.3167024775617353,-0.7975958317708118,0.8129253632521255,-0.34336763412342935,0.17554003661788928,1.0,0.0,0.0,0.0,1.0,1.0,1
1.3167024775617353,1.1491293345559381,-1.1028368386382617,1.4254616936791122,0.17554003661788928,1.0,0.0,0.0,0.0,1.0,0.0,0
0.8542591221141067,1.064189072241633,-1.1028368386382617,0.3297990201723457,-1.026086682611871,1.0,0.0,0.0,1.0,0.0,0.0,0
0.8542591221141067,-0.6840575812269988,0.7050255234121201,-0.6391449602446815,0.17554003661788928,1.0,0.0,0.0,1.0,0.0,1.0,1
0.8542591221141067,-0.04604995332557255,-1.1028368386382617,-1.871835361163309,-1.8284042739782391,1.0,0.0,0.0,0.0,1.0,1.0,1
-0.8271043056395267,0.07188182966635945,0.8414815905535056,0.8313322837114507,0.17554003661788928,1.0,0.0,1.0,0.0,0.0,1.0,1
0.8542591221141067,-0.6950913770717595,1.256062173146381,1.59004175611866,-2.3128794500174443,1.0,0.0,0.0,1.0,0.0,1.0,1
1.3167024775617353,0.42787722814423257,1.079209600231378,1.4974987275869014,0.17554003661788928,1.0,1.0,0.0,0.0,1.0,1.0,1
-0.8271043056395267,-0.5156748440390952,0.9458806097649406,0.21952471892610181,0.17554003661788928,1.0,0.0,0.0,1.0,0.0,1.0,1
-0.8271043056395267,-0.7975958317708118,-1.1028368386382617,-1.6887821909975231,0.17554003661788928,1.0,0.0,0.0,1.0,0.0,1.0,1
-0.8271043056395267,-0.49995512192864333,1.0115560708311766,-1.6540496224162748,-2.3128794500174443,1.0,0.0,0.0,1.0,0.0,1.0,1
0.8542591221141067,-0.802877415192056,0.8939842435376513,-0.14998541639081975,0.17554003661788928,1.0,0.0,1.0,0.0,0.0,1.0,1
-0.8271043056395267,-0.4454456921800809,0.7045508766189863,-0.9585018476402082,0.17554003661788928,1.0,0.0,0.0,0.0,1.0,1.0,1
1.3167024775617353,0.03513812817143252,0.7340609787872838,-0.0038488581889707238,0.17554003661788928,1.0,0.0,1.0,0.0,0.0,1.0,0
1.3167024775617353,-1.2052197715029596,0.7396587488338261,-1.520692184334421,-1.026086682611871,1.0,0.0,0.0,0.0,1.0,1.0,1
-0.8271043056395267,0.5633267799126577,0.8477171940000082,1.005483107886156,0.17554003661788928,1.0,0.0,1.0,0.0,0.0,1.0,1
1.5222778302128526,0.08703451287796307,0.14254173259826042,-0.08379905665370933,0.17554003661788928,1.0,0.0,0.0,1.0,0.0,1.0,1
-0.8271043056395267,-0.29408781579609933,-1.1028368386382617,-0.7701191304941116,0.17554003661788928,0.0,0.0,0.0,0.0,1.0,1.0,1
-0.8271043056395267,-0.0025818293439816647,-1.1028368386382617,-0.08379905665370933,0.17554003661788928,0.0,0.0,1.0,0.0,0.0,1.0,1
-0.8271043056395267,0.7666387085262422,-1.1028368386382617,0.0117888034744957,0.17554003661788928,1.0,0.0,0.0,1.0,0.0,1.0,1
0.8542591221141067,0.20735522786919827,-1.1028368386382617,-0.39931081813147684,0.17554003661788928,1.0,1.0,1.0,0.0,0.0,1.0,0
0.8542591221141067,-0.021823601080965194,1.1571759760134661,0.13294443335255615,0.17554003661788928,1.0,0.0,1.0,0.0,0.0,1.0,0
-0.8271043056395267,-0.19895415987198992,-1.1028368386382617,-3.1670881112880442,-2.5604293000417506,1.0,0.0,0.0,1.0,0.0,1.0,1
0.8542591221141067,0.3800900075427906,0.5117774895919517,0.43470824873718034,0.17554003661788928,1.0,0.0,1.0,0.0,0.0,1.0,1
-0.8271043056395267,-1.0581403144892327,1.3367688271244913,0.11816897521854876,0.17554003661788928,0.0,0.0,0.0,1.0,0.0,0.0,1
-0.8271043056395267,-0.49995512192864333,0.7817065719116859,-0.5158305579751992,4.104711360090853,1.0,0.0,0.0,0.0,1.0,0.0,0
1.5222778302128526,1.1410263870593425,1.137262763934036,0.0117888034744957,0.17554003661788928,1.0,0.0,1.0,0.0,0.0,1.0,1
-0.8271043056395267,-2.3346408740012543,1.169492463274732,1.0541727018449678,0.17554003661788928,1.0,0.0,1.0,0.0,0.0,1.0,1
0.8542591221141067,2.975786503090036,-1.1028368386382617,1.4416738816433834,0.17554003661788928,1.0,0.0,0.0,1.0,0.0,1.0,0
0.8542591221141067,1.5011821702138413,-1.1028368386382617,0.852555946792918,0.17554003661788928,1.0,0.0,0.0,1.0,0.0,1.0,0
-0.8271043056395267,-0.23491055652731838,0.7221223215334122,-1.6887821909975231,0.17554003661788928,1.0,0.0,1.0,0.0,0.0,1.0,0
1.3167024775617353,0.5663824898308285,-1.1028368386382617,0.058028178939414726,0.17554003661788928,1.0,0.0,0.0,1.0,0.0,1.0,1
-0.8271043056395267,-0.5227765478645329,0.9582718426966045,0.02731308862176866,0.17554003661788928,1.0,0.0,0.0,1.0,0.0,1.0,1
1.3167024775617353,-0.17504070315551773,0.21091589938110492,-0.36185201735023564,0.17554003661788928,1.0,0.0,0.0,1.0,0.0,1.0,1
0.8542591221141067,0.39024265645739925,0.7340609787872838,0.44747083476802113,0.17554003661788928,1.0,0.0,0.0,1.0,0.0,0.0,1
