Dependents,ApplicantIncome,CoapplicantIncome,LoanAmount,Loan_Amount_Term,Gender_Male,Married_Yes,Education_Not Graduate,Self_Employed_Yes,Property_Area_Rural,Property_Area_Semiurban,Property_Area_Urban,Credit_History_1.0,Loan_Status,Total_Income,Amount_Income_Ratio_Percent
1.3167024775617353,-5.42971236675888,0.9601648057473936,-0.5561408697952985,0.1755400366178892,0.0,1.0,1.0,0.0,0.0,1.0,0.0,1.0,1,-4.469547561011486,0.5488337256375316
1.3167024775617353,0.2632288227523261,1.1769950631021049,0.9757412056359916,0.1755400366178892,1.0,1.0,0.0,0.0,0.0,1.0,0.0,1.0,1,1.440223885854431,0.5514023365363365
-0.8271043056395267,-0.210840336263751,1.084687980385784,0.0427256688923862,-2.3128794500174443,1.0,1.0,0.0,0.0,1.0,0.0,0.0,0.0,0,0.8738476441220331,0.548238602261258
1.3167024775617353,1.5220158956911654,0.6603762052359816,1.1391791541623983,0.1755400366178892,1.0,1.0,0.0,0.0,0.0,0.0,1.0,1.0,1,2.1823921009271467,0.5506801141900831
1.3167024775617353,0.5365548999467042,1.137530388737126,-0.1499854163908197,0.1755400366178892,1.0,1.0,0.0,0.0,1.0,0.0,0.0,1.0,1,1.6740852886838302,0.5478397398534737
1.3167024775617353,0.3053306465767048,-1.1028368386382617,-1.1655286965235816,0.1755400366178892,1.0,1.0,0.0,0.0,0.0,1.0,0.0,0.0,0,-0.7975061920615569,0.5550433700671498
-0.8271043056395267,-0.5354256918285057,-1.1028368386382617,-0.5561408697952985,0.1755400366178892,1.0,0.0,0.0,0.0,0.0,1.0,0.0,1.0,1,-1.6382625304667675,0.5498324471574412
-0.8271043056395267,-0.7205337175555119,0.8728610176833282,0.3027550388708547,0.1755400366178892,1.0,1.0,0.0,0.0,0.0,1.0,0.0,1.0,1,0.15232730012781637,0.5574865806511273
-0.8271043056395267,-0.4130780486522772,0.849258241020833,-0.43744307300139,0.1755400366178892,1.0,1.0,0.0,0.0,0.0,0.0,1.0,0.0,0,0.4361801923685558,0.5435980600376947
-0.8271043056395267,-0.1430590121573986,1.1204036076467991,0.6303977829846399,0.1755400366178892,1.0,0.0,0.0,0.0,0.0,0.0,1.0,1.0,0,0.9773445954894006,0.5512514795846152
0.8542591221141067,0.6621503202765817,-1.1028368386382617,0.6186712265946805,0.1755400366178892,1.0,1.0,0.0,0.0,0.0,1.0,0.0,1.0,1,-0.44068651836167994,0.5417357523779125
1.3167024775617353,-0.2073082800278249,0.7670967505144521,-0.1499854163908197,0.1755400366178892,1.0,1.0,1.0,0.0,1.0,0.0,0.0,1.0,1,0.5597884704866273,0.5470114707546201
1.3167024775617353,1.8900137391124376,-1.1028368386382617,-1.220663132451632,0.1755400366178892,0.0,1.0,0.0,0.0,0.0,0.0,1.0,1.0,1,0.787176900474176,0.5410539456701107
-0.8271043056395267,0.9921202495907993,0.8117241197788808,0.676681009347116,0.1755400366178892,1.0,1.0,0.0,0.0,1.0,0.0,0.0,1.0,1,1.80384436936968,0.5499980768203219
-0.8271043056395267,0.2289347799405417,-1.1028368386382617,0.4089547856074439,4.104711360090853,1.0,1.0,0.0,0.0,0.0,1.0,0.0,1.0,1,-0.87390205869772,0.5481628911204709
-0.8271043056395267,-0.0702937583939477,0.5568060486368371,-0.2888603256310467,0.1755400366178892,1.0,1.0,0.0,0.0,0.0,1.0,0.0,1.0,1,0.48651229024288944,0.54549832647623
0.8542591221141067,-0.2908138362919726,0.7971421654679766,0.7443093525159628,0.1755400366178892,1.0,1.0,0.0,0.0,0.0,0.0,1.0,1.0,1,0.5063283291760039,0.5550830633322806
-0.8271043056395267,2.094085990500252,-1.1028368386382617,1.1391791541623983,0.1755400366178892,0.0,0.0,1.0,1.0,0.0,1.0,0.0,1.0,1,0.9912491518619901,0.5535932676860805
-0.8271043056395267,-1.3479092359952236,0.6832090360194575,-1.9900653787675304,0.1755400366178892,1.0,0.0,0.0,0.0,0.0,0.0,1.0,1.0,1,-0.6647001999757661,0.5621606320875111
0.8542591221141067,0.4421481634440145,0.6337612076219633,-3.0956060243265577,0.1755400366178892,1.0,1.0,0.0,0.0,0.0,1.0,0.0,1.0,1,1.0759093710659777,0.5348931724997744
-0.8271043056395267,-0.8081776995795951,0.8840033959325506,0.1181689752185487,0.1755400366178892,0.0,1.0,0.0,0.0,0.0,1.0,0.0,1.0,1,0.07582569635295555,0.5554936959274134
-0.8271043056395267,-0.5548853207907406,-1.1028368386382617,-1.1929134240013874,0.1755400366178892,0.0,0.0,0.0,0.0,1.0,0.0,0.0,1.0,1,-1.6577221594290021,0.5515979430019149
-0.8271043056395267,1.0699780365514115,-1.1028368386382617,1.5975821186582737,0.1755400366178892,0.0,0.0,0.0,0.0,0.0,1.0,0.0,1.0,1,-0.0328588020868501,0.3224503299168809
-0.8271043056395267,-0.9817650800641186,-1.1028368386382617,-1.4260371121722797,4.104711360090853,1.0,0.0,0.0,0.0,0.0,1.0,0.0,0.0,0,-2.08460191870238,0.5483917070228689
1.3167024775617353,0.1941133921704332,-1.1028368386382617,-0.3250427419068526,0.1755400366178892,1.0,1.0,1.0,0.0,1.0,0.0,0.0,1.0,1,-0.9087234464678284,0.5499170745874249
-0.8271043056395267,1.2689511972278038,-1.1028368386382617,0.7991044940917282,0.1755400366178892,1.0,1.0,0.0,1.0,0.0,1.0,0.0,1.0,1,0.16611435858954215,0.5705977038996506
1.5222778302128526,-0.1014955655716265,0.6189694907560508,-0.5158305579751992,0.1755400366178892,1.0,1.0,1.0,0.0,0.0,1.0,0.0,1.0,1,0.5174739251844243,0.5436262560779751
-0.8271043056395267,-0.3690341290309067,-1.1028368386382617,-1.871835361163309,0.1755400366178892,1.0,0.0,0.0,0.0,0.0,0.0,1.0,1.0,1,-1.4718709676691684,0.554162211190551
-0.8271043056395267,0.5443312970176253,-1.1028368386382617,-0.1499854163908197,0.1755400366178892,1.0,0.0,0.0,0.0,0.0,0.0,1.0,1.0,1,-0.5585055416206364,0.5495030612261511
1.3167024775617353,-1.1435180965432077,0.7752497777552919,-0.2709974300213708,4.104711360090853,0.0,1.0,0.0,0.0,0.0,1.0,0.0,1.0,1,-0.36826831878791577,0.5484019930556436
1.3167024775617353,0.0447834425859947,0.6361132550846059,-0.3250427419068526,0.1755400366178892,1.0,1.0,1.0,0.0,0.0,0.0,1.0,1.0,1,0.6808966976706006,0.5460387519627972
-0.8271043056395267,-0.0440808893579351,0.9976914990325344,0.9657367484632788,0.1755400366178892,1.0,1.0,0.0,0.0,0.0,1.0,0.0,1.0,1,0.9536106096745993,0.5529592241540295
0.8542591221141067,-0.9989938184197108,0.7270385085114632,-0.8387963862832687,0.1755400366178892,1.0,1.0,0.0,0.0,0.0,0.0,1.0,1.0,1,-0.27195530990824757,0.5625804225796491
-0.8271043056395267,1.5922008074852247,-1.1028368386382617,0.4853128957179221,0.1755400366178892,1.0,0.0,0.0,0.0,0.0,1.0,0.0,1.0,0,0.4893639688469631,0.5528617198416276
0.8542591221141067,-2.379202376414169,0.9716315999795488,-0.3250427419068526,0.1755400366178892,1.0,1.0,0.0,1.0,0.0,0.0,1.0,1.0,0,-1.4075707764346201,0.5493283268997393
-0.8271043056395267,-0.8649924172231317,-1.1028368386382617,-1.0854692762036438,0.1755400366178892,1.0,1.0,0.0,0.0,0.0,0.0,1.0,1.0,1,-1.9678292558613935,0.5508176837791889
-0.8271043056395267,0.9038858131395756,-1.1028368386382617,0.8313322837114507,0.1755400366178892,0.0,0.0,0.0,1.0,1.0,0.0,0.0,1.0,0,-0.19895102549868604,0.5288491440966094
1.3167024775617353,-0.9493426150913687,-1.1028368386382617,-0.2709974300213708,0.1755400366178892,1.0,1.0,1.0,0.0,1.0,0.0,0.0,1.0,0,-2.0521794537296305,0.5488691367009815
-0.8271043056395267,1.3917716593184823,-1.1028368386382617,0.7553792081419006,0.1755400366178892,1.0,0.0,0.0,1.0,0.0,0.0,1.0,0.0,0,0.2889348206802207,0.560397780297418
0.8542591221141067,0.9058671959230478,-1.1028368386382617,-0.1499854163908197,0.1755400366178892,0.0,0.0,0.0,1.0,0.0,1.0,0.0,1.0,1,-0.1969696427152139,0.5517923297732518
1.5222778302128526,-0.4125700103578072,1.0633997390717915,0.676681009347116,-1.026086682611871,1.0,1.0,0.0,0.0,0.0,1.0,0.0,0.0,0,0.6508297287139844,0.5474297383452613
1.5222778302128526,-0.0413287564250498,1.2859974338584288,1.6716098238001913,0.1755400366178892,1.0,1.0,0.0,0.0,0.0,1.0,0.0,1.0,0,1.244668677433379,0.5544932457389676
-0.8271043056395267,0.4697096920745855,0.8610428996859266,0.6186712265946805,0.1755400366178892,1.0,1.0,0.0,0.0,1.0,0.0,0.0,1.0,0,1.330752591760512,0.5504150009472499
1.3167024775617353,-0.3272404512008705,0.7898808744145094,0.3027550388708547,0.1755400366178892,1.0,1.0,0.0,0.0,1.0,0.0,0.0,0.0,0,0.4626404232136389,0.5512951178814551
-0.8271043056395267,0.2263366904860566,0.8882776996937887,0.0117888034744957,0.1755400366178892,1.0,1.0,0.0,0.0,0.0,0.0,1.0,1.0,1,1.1146143901798453,0.5483049578967664
-0.8271043056395267,0.8822981354428475,-1.1028368386382617,-0.1499854163908197,0.1755400366178892,1.0,0.0,1.0,0.0,1.0,0.0,0.0,1.0,0,-0.22053870319541413,0.5514143833365875
-0.8271043056395267,2.0484377119138863,-1.1028368386382617,-0.3250427419068526,0.1755400366178892,1.0,1.0,0.0,0.0,0.0,1.0,0.0,1.0,1,0.9456008732756247,0.5466593854963673
1.5222778302128526,-0.6920182098050511,0.8521669790391802,-0.618085963925903,0.1755400366178892,1.0,1.0,0.0,0.0,1.0,0.0,0.0,1.0,1,0.16014876923412902,0.5303312835157409
-0.8271043056395267,0.0224253415369648,-1.1028368386382617,-0.2182912006056619,0.1755400366178892,0.0,0.0,0.0,0.0,0.0,1.0,0.0,0.0,0,-1.0804114971012968,0.5491941981090427
-0.8271043056395267,-0.8802347054711225,-1.1028368386382617,-2.031045327405673,0.1755400366178892,0.0,0.0,0.0,0.0,1.0,0.0,0.0,1.0,0,-1.983071544109384,0.553012520755669
-0.8271043056395267,0.2898849727761109,-1.1028368386382617,-0.0675680617736447,0.1755400366178892,1.0,0.0,0.0,0.0,0.0,0.0,1.0,1.0,1,-0.8129518658621507,0.5486418478011547
0.8542591221141067,1.0234868275518925,0.2086030678084581,1.3844031906589125,0.1755400366178892,1.0,1.0,0.0,0.0,0.0,0.0,1.0,1.0,1,1.2320898953603505,0.5534743076231309
-0.8271043056395267,-1.2418781385351052,1.1417191171467336,-1.3062054064236015,0.1755400366178892,1.0,0.0,0.0,0.0,1.0,0.0,0.0,1.0,0,-0.10015902138837163,0.6088240091698263
-0.8271043056395267,-0.4822694263673416,0.7402985847397701,-0.618085963925903,0.1755400366178892,1.0,1.0,0.0,0.0,0.0,0.0,1.0,1.0,1,0.25802915837242846,0.5371307563375071
0.8542591221141067,1.333530363529731,-1.1028368386382617,0.3697396818507987,0.1755400366178892,1.0,1.0,0.0,1.0,1.0,0.0,0.0,1.0,0,0.23069352489146944,0.5556994487163565
-0.8271043056395267,-0.2152676039803054,-1.1028368386382617,-0.5972350422305313,0.1755400366178892,1.0,0.0,0.0,0.0,0.0,0.0,1.0,1.0,0,-1.318104442618567,0.5503601894466184
-0.8271043056395267,-0.7975958317708118,1.620599639396971,-0.4567695921192345,0.1755400366178892,1.0,0.0,0.0,0.0,0.0,1.0,0.0,1.0,1,0.8230038076261592,0.5456782196858747
-0.8271043056395267,0.2616448721490284,0.5678590603430609,-0.0675680617736447,0.1755400366178892,1.0,1.0,0.0,0.0,0.0,1.0,0.0,1.0,1,0.8295039324920892,0.5478775283093412
-0.8271043056395267,0.8028181107262102,-1.1028368386382617,0.6186712265946805,-2.3128794500174443,1.0,0.0,0.0,1.0,0.0,1.0,0.0,1.0,1,-0.3000187279120514,0.5489827085640142
-0.8271043056395267,0.0201700511303713,-1.1028368386382617,-1.1929134240013874,0.1755400366178892,0.0,0.0,0.0,0.0,0.0,1.0,0.0,1.0,1,-1.0826667875078904,0.5533730931710084
-0.8271043056395267,-0.4908177070341725,0.5007892377788481,-0.4762740692488179,0.1755400366178892,0.0,1.0,1.0,0.0,0.0,1.0,0.0,1.0,1,0.009971530744675605,0.3264269145656372
-0.8271043056395267,0.8484248831577584,-1.1028368386382617,-0.0196016061234886,0.1755400366178892,1.0,0.0,0.0,1.0,0.0,0.0,1.0,1.0,1,-0.2544119554805032,0.5486136671673536
0.8542591221141067,3.1121347646616453,-1.1028368386382617,0.3297990201723457,0.1755400366178892,1.0,0.0,0.0,0.0,0.0,1.0,0.0,1.0,1,2.0092979260233834,0.5490181405986831
1.3167024775617353,0.4598507965575692,1.1131710745143404,0.4601585441941159,0.1755400366178892,1.0,0.0,0.0,0.0,1.0,0.0,0.0,1.0,1,1.5730218710719095,0.5496144498781218
-0.8271043056395267,0.1767103211876922,-1.1028368386382617,-1.138499247277687,-2.3128794500174443,1.0,1.0,0.0,0.0,0.0,1.0,0.0,1.0,1,-0.9261265174505695,0.5478225168435402
-0.8271043056395267,-0.7929896882344486,-1.1028368386382617,-1.6540496224162748,0.1755400366178892,0.0,0.0,0.0,0.0,1.0,0.0,0.0,1.0,1,-1.8958265268727104,0.5523078700688856
-0.8271043056395267,-0.4600643477228189,0.8994640725515252,0.1476189106680677,0.1755400366178892,1.0,1.0,0.0,0.0,1.0,0.0,0.0,1.0,1,0.43939972482870626,0.5498161266289947
1.5222778302128526,0.3557127239455038,0.986865272629014,0.8943940524136059,0.1755400366178892,1.0,1.0,0.0,0.0,0.0,1.0,0.0,1.0,1,1.342577996574518,0.5513497807419694
-0.8271043056395267,-1.3375361038562323,0.7817065719116859,-1.724111080785674,0.1755400366178892,0.0,0.0,0.0,0.0,0.0,0.0,1.0,1.0,1,-0.5558295319445464,0.5626619455818879
0.8542591221141067,-0.1430590121573986,-1.1028368386382617,-0.2182912006056619,0.1755400366178892,1.0,1.0,0.0,0.0,0.0,1.0,0.0,1.0,1,-1.2458958507956603,0.5490695615943783
0.8542591221141067,-1.1576664054704429,0.961052023217619,-0.2709974300213708,0.1755400366178892,1.0,1.0,0.0,0.0,0.0,0.0,1.0,1.0,0,-0.1966143822528239,0.5546572071403899
-0.8271043056395267,0.1709738235144153,-1.1028368386382617,-0.862197089363886,0.1755400366178892,0.0,1.0,0.0,0.0,1.0,0.0,0.0,1.0,0,-0.9318630151238463,0.5525529573842811
0.8542591221141067,0.571460250773522,1.177054932826804,1.8465685689304925,0.1755400366178892,1.0,1.0,0.0,0.0,0.0,0.0,1.0,1.0,1,1.748515183600326,0.5531606118615042
-0.8271043056395267,-1.233070268028767,0.8148043743379554,-1.871835361163309,0.1755400366178892,1.0,0.0,0.0,0.0,0.0,1.0,0.0,1.0,1,-0.4182658936908117,0.5690402735224683
1.5222778302128526,1.2604978323781408,-1.1028368386382617,1.5596213525347504,0.1755400366178892,1.0,1.0,0.0,0.0,1.0,0.0,0.0,1.0,1,0.15766099373987918,0.5941986915572569
-0.8271043056395267,-0.5454013927970284,0.4381364051196495,-1.3355205497033746,0.1755400366178892,1.0,1.0,1.0,0.0,1.0,0.0,0.0,1.0,0,-0.10726498767737885,0.6060808382624209
1.5222778302128526,-0.0002901951343369,-1.1028368386382617,-2.2959084950335447,-2.3128794500174443,1.0,1.0,0.0,0.0,1.0,0.0,0.0,1.0,1,-1.1031270337725985,0.5475222098019098
0.8542591221141067,1.863550412385986,-1.1028368386382617,0.7331829242703751,-2.3128794500174443,1.0,1.0,0.0,0.0,1.0,0.0,0.0,1.0,1,0.7607135737477244,0.5479161040290262
0.8542591221141067,0.1709738235144153,0.75057773763691,-0.0196016061234886,0.1755400366178892,1.0,1.0,0.0,0.0,1.0,0.0,0.0,1.0,0,0.9215515611513254,0.5481570508616496
-0.8271043056395267,1.9022595620135296,-1.1028368386382617,1.2912931901932654,0.1755400366178892,1.0,0.0,0.0,0.0,0.0,1.0,0.0,0.0,0,0.799422723375268,0.5557577396568426
-0.8271043056395267,-0.808841556338241,0.9060296057609948,-0.7255497588537938,-2.3128794500174443,1.0,1.0,0.0,0.0,1.0,0.0,0.0,0.0,1,0.09718804942275383,0.5508873199077934
-0.8271043056395267,-0.7650019109785231,0.8458585943233375,-0.0514593974818309,0.1755400366178892,1.0,0.0,1.0,0.0,1.0,0.0,0.0,1.0,1,0.08085668334481444,0.5453000586105315
1.3167024775617353,-1.0156588685274692,0.7957024844073366,-2.0728649862524557,0.1755400366178892,1.0,1.0,1.0,0.0,0.0,1.0,0.0,1.0,1,-0.21995638412013263,0.5920239181274555
-0.8271043056395267,-1.478120902897597,1.0542045013896346,0.904729537752294,0.1755400366178892,1.0,1.0,1.0,0.0,0.0,1.0,0.0,0.0,0,-0.4239164015079624,0.5383438294643531
-0.8271043056395267,-0.143902685476151,0.7820825126109782,-0.3250427419068526,0.1755400366178892,1.0,0.0,1.0,0.0,0.0,1.0,0.0,1.0,1,0.6381798271348271,0.5458903503344678
-0.8271043056395267,0.0224253415369648,-1.1028368386382617,-0.5561408697952985,0.1755400366178892,1.0,0.0,0.0,0.0,0.0,1.0,0.0,0.0,0,-1.0804114971012968,0.5506465015480773
1.3167024775617353,-0.7975958317708118,1.1097157064688614,0.6303977829846399,0.1755400366178892,1.0,1.0,0.0,1.0,1.0,0.0,0.0,1.0,1,0.3121198746980496,0.5576361279311058
1.3167024775617353,-0.2313191769856854,-1.1028368386382617,-0.9585018476402082,0.1755400366178892,1.0,0.0,0.0,0.0,1.0,0.0,0.0,0.0,0,-1.3341560156239471,0.5515924771626286
-0.8271043056395267,-1.101036997289608,1.0701817958104238,0.4347082487371803,0.1755400366178892,1.0,1.0,0.0,1.0,0.0,1.0,0.0,1.0,1,-0.03085520147918408,0.4828234806009873
-0.8271043056395267,-0.1325547104043927,-1.1028368386382617,-0.3250427419068526,0.1755400366178892,1.0,1.0,0.0,0.0,0.0,1.0,0.0,1.0,1,-1.2353915490426544,0.5494778021966122
1.5222778302128526,0.2279610605186606,-1.1028368386382617,-0.618085963925903,0.1755400366178892,1.0,1.0,1.0,0.0,0.0,1.0,0.0,0.0,0,-0.874875778119601,0.5515369827736168
1.3167024775617353,-0.1570433788518934,-1.1028368386382617,-0.1499854163908197,0.1755400366178892,1.0,1.0,0.0,0.0,0.0,1.0,0.0,1.0,1,-1.259880217490155,0.548808732017095
1.3167024775617353,-1.1319640940996891,0.7727475170596749,-0.4959598948410358,0.1755400366178892,1.0,1.0,0.0,0.0,1.0,0.0,0.0,1.0,1,-0.3592165770400142,0.554668128243771
0.8542591221141067,-0.5683791239837732,0.7611481919640074,-0.7255497588537938,0.1755400366178892,0.0,0.0,0.0,0.0,0.0,0.0,1.0,1.0,1,0.1927690679802342,0.5307753742801831
-0.8271043056395267,0.5953258453705186,1.089852918893392,-0.1499854163908197,-2.3128794500174443,1.0,0.0,0.0,1.0,0.0,0.0,1.0,1.0,0,1.6851787642639107,0.5482872093025701
1.3167024775617353,1.2902923817674103,-1.1028368386382617,-0.2888603256310467,0.1755400366178892,1.0,1.0,0.0,0.0,0.0,0.0,1.0,1.0,1,0.1874555431291487,0.5410991390705848
0.8542591221141067,-0.1171481040646309,-1.1028368386382617,-0.2888603256310467,0.1755400366178892,0.0,0.0,0.0,0.0,1.0,0.0,0.0,1.0,1,-1.2199849427028926,0.5493554918844993
1.3167024775617353,-1.8090854913718617,0.8198760627761406,0.5225047003124931,0.1755400366178892,0.0,1.0,0.0,0.0,0.0,0.0,1.0,1.0,0,-0.9892094285957211,0.545802681621737
-0.8271043056395267,-1.3871969203287924,1.0233191401312385,0.0273130886217686,0.1755400366178892,1.0,1.0,0.0,0.0,0.0,1.0,0.0,1.0,1,-0.3638777801975539,0.5479072279927546
1.3167024775617353,-0.3387835321361509,1.019504511722943,-0.7701191304941116,0.1755400366178892,1.0,1.0,0.0,1.0,0.0,0.0,1.0,1.0,1,0.6807209795867921,0.5430015733835407
0.8542591221141067,-0.5576863650247348,-1.1028368386382617,-0.618085963925903,0.1755400366178892,1.0,1.0,0.0,1.0,0.0,1.0,0.0,1.0,1,-1.6605232036629964,0.5499845661079056
-0.8271043056395267,-0.7438730542816341,0.8916859777250576,-0.1499854163908197,0.1755400366178892,1.0,1.0,1.0,0.0,0.0,0.0,1.0,1.0,1,0.14781292344342356,0.5435432464204782
-0.8271043056395267,0.4518573874161648,1.1016674213365474,-1.220663132451632,0.1755400366178892,1.0,1.0,0.0,1.0,0.0,1.0,0.0,1.0,1,1.5535248087527123,0.5446066113011858
1.3167024775617353,0.5828168730868364,-1.1028368386382617,0.9455895373771236,-1.8284042739782391,1.0,1.0,0.0,1.0,0.0,1.0,0.0,1.0,0,-0.5200199655514253,0.549066629175636
-0.8271043056395267,-0.8767569550342718,0.8604484544291758,-1.5862934070253305,0.1755400366178892,1.0,1.0,0.0,0.0,1.0,0.0,0.0,1.0,1,-0.01630850060509592,1.0
-0.8271043056395267,-0.7274343394403596,1.0147003744841248,0.49778127928311,-2.3128794500174443,1.0,1.0,1.0,1.0,1.0,0.0,0.0,0.0,0,0.28726603504376513,0.5476450346758118
-0.8271043056395267,-0.6206935661626239,0.8417961261448696,-0.3250427419068526,0.1755400366178892,1.0,1.0,0.0,0.0,1.0,0.0,0.0,1.0,1,0.2211025599822457,0.541428210111955
-0.8271043056395267,-0.8649924172231317,1.0464973003115248,-0.1499854163908197,-2.3128794500174443,1.0,1.0,1.0,0.0,0.0,0.0,1.0,1.0,0,0.18150488308839308,0.5485471143118559
0.8542591221141067,-0.7000216932380924,0.7489211648804954,-0.2709974300213708,-2.3128794500174443,1.0,1.0,1.0,0.0,1.0,0.0,0.0,0.0,0,0.04889947164240305,0.5502093090910495
-0.8271043056395267,-0.6920182098050511,1.087318457509518,-0.1332454443058329,0.1755400366178892,1.0,1.0,0.0,0.0,1.0,0.0,0.0,1.0,1,0.3953002477044669,0.5466903538192656
1.5222778302128526,4.03256708822133,-1.1028368386382617,2.130617458272136,0.1755400366178892,1.0,1.0,0.0,0.0,1.0,0.0,0.0,0.0,0,2.929730249583068,0.5516333799771074
-0.8271043056395267,0.5121645294662897,1.109353823467803,1.4254616936791122,0.1755400366178892,1.0,1.0,0.0,0.0,0.0,1.0,0.0,1.0,0,1.6215183529340926,0.5523386240155322
-0.8271043056395267,0.6027767029063733,0.9191688702254042,0.6994581998308899,0.1755400366178892,1.0,1.0,0.0,0.0,1.0,0.0,0.0,1.0,0,1.5219455731317775,0.5503902854285645
-0.8271043056395267,-0.9119014994918576,0.7385895952462954,-0.4762740692488179,4.104711360090853,1.0,0.0,1.0,0.0,0.0,0.0,1.0,0.0,0,-0.1733119042455622,0.5488016514155083
-0.8271043056395267,0.1941133921704332,1.0271839595809245,-0.1499854163908197,0.1755400366178892,1.0,1.0,0.0,0.0,0.0,1.0,0.0,1.0,1,1.2212973517513577,0.5476854746591645
-0.8271043056395267,0.2214522595712853,-1.1028368386382617,0.1329444333525561,0.1755400366178892,1.0,1.0,1.0,1.0,0.0,0.0,1.0,1.0,0,-0.8813845790669763,0.5475553051188312
-0.8271043056395267,-0.5582472130598097,0.9459963455985256,0.3697396818507987,0.1755400366178892,1.0,1.0,1.0,0.0,1.0,0.0,0.0,1.0,1,0.3877491325387159,0.5526844555258077
-0.8271043056395267,0.4278772281442325,-1.1028368386382617,0.53476138846114,0.1755400366178892,1.0,0.0,0.0,0.0,0.0,0.0,1.0,1.0,1,-0.6749596104940292,0.5445761968719749
0.8542591221141067,-0.5649940809767622,0.813438866499111,-0.1001543009834323,4.104711360090853,1.0,1.0,0.0,0.0,0.0,1.0,0.0,1.0,1,0.24844478552234883,0.548175769275628
-0.8271043056395267,0.3206071573771827,-1.1028368386382617,-0.1838647205681117,0.1755400366178892,1.0,0.0,0.0,0.0,0.0,1.0,0.0,1.0,1,-0.782229681261079,0.5493474962427652
-0.8271043056395267,0.6158414661848257,1.0555570802666845,1.9063372601502144,0.1755400366178892,1.0,1.0,0.0,0.0,0.0,0.0,1.0,1.0,1,1.6713985464515102,0.5535529930101138
-0.8271043056395267,2.30744075737135,-1.1028368386382617,2.7489668321284904,0.1755400366178892,1.0,0.0,0.0,0.0,1.0,0.0,0.0,1.0,0,1.2046039187330881,0.5588544316934175
0.8542591221141067,-1.2052197715029596,0.9021054880668748,0.0273130886217686,0.1755400366178892,1.0,1.0,1.0,0.0,1.0,0.0,0.0,1.0,1,-0.3031142834360847,0.5478373444845984
1.3167024775617353,-0.354806365399624,0.8447696608836562,0.275367434330036,0.1755400366178892,1.0,1.0,0.0,0.0,0.0,0.0,1.0,1.0,1,0.4899632954840322,0.5508660266358968
-0.8271043056395267,-0.2077493142825057,-1.1028368386382617,-0.9585018476402082,0.1755400366178892,1.0,0.0,0.0,0.0,0.0,0.0,1.0,1.0,0,-1.3105861529207674,0.5516524840193368
0.8542591221141067,-1.365034900093699,0.8741490388346069,-0.3804987621999476,0.1755400366178892,1.0,1.0,0.0,0.0,1.0,0.0,0.0,1.0,1,-0.49088586125909206,0.5518557811590252
-0.8271043056395267,1.7721228449150452,-1.1028368386382617,-0.1499854163908197,0.1755400366178892,1.0,1.0,0.0,0.0,0.0,0.0,1.0,1.0,1,0.6692860062767836,0.5472150533981753
-0.8271043056395267,0.0099767248250377,-1.1028368386382617,-0.1166357595018382,0.1755400366178892,1.0,0.0,0.0,0.0,0.0,1.0,0.0,1.0,1,-1.092860113813224,0.548751504023439
0.8542591221141067,0.1611337419914178,0.6872397738209368,0.4089547856074439,0.1755400366178892,1.0,1.0,1.0,0.0,0.0,0.0,1.0,1.0,1,0.8483735158123547,0.5504946159573509
-0.8271043056395267,-0.8886142597828358,0.9143800471526357,0.1032911020303972,0.1755400366178892,1.0,0.0,0.0,0.0,0.0,1.0,0.0,1.0,1,0.025765787369799842,0.566874245398564
-0.8271043056395267,0.0718818296663594,-1.1028368386382617,0.1032911020303972,0.1755400366178892,0.0,0.0,0.0,0.0,0.0,1.0,0.0,0.0,0,-1.0309550089719022,0.5477905226360269
-0.8271043056395267,0.7751749151105508,-1.1028368386382617,0.1766705098671696,0.1755400366178892,1.0,0.0,0.0,1.0,1.0,0.0,0.0,1.0,1,-0.32766192352771084,0.5457516821135898
0.8542591221141067,-0.8035389254443547,0.8477171940000082,-0.43744307300139,0.1755400366178892,1.0,1.0,0.0,0.0,0.0,1.0,0.0,1.0,1,0.044178268555653544,0.5022687479769065
-0.8271043056395267,-1.1576664054704429,0.8278346320441129,-1.111815758290904,0.1755400366178892,1.0,0.0,0.0,0.0,0.0,0.0,1.0,1.0,1,-0.32983177342632997,0.5639112090934502
-0.8271043056395267,-0.2912810952599562,0.9487623700398728,-0.2709974300213708,0.1755400366178892,0.0,1.0,0.0,0.0,0.0,1.0,0.0,1.0,1,0.6574812747799166,0.5463415594932548
-0.8271043056395267,0.0722444988087578,-1.1028368386382617,-0.1838647205681117,0.1755400366178892,1.0,1.0,0.0,0.0,0.0,0.0,1.0,1.0,1,-1.0305923398295038,0.549084417008078
0.8542591221141067,-0.3305977246629377,0.995292455001896,0.4089547856074439,0.1755400366178892,1.0,1.0,0.0,0.0,0.0,0.0,1.0,1.0,1,0.6646947303389583,0.5511132702353292
1.3167024775617353,1.000815431630504,1.259173866648332,2.7489668321284904,0.1755400366178892,1.0,1.0,0.0,1.0,1.0,0.0,0.0,1.0,1,2.2599892982788363,0.5539050267941444
0.8542591221141067,-0.6195236776852717,0.8258626021806353,0.2476271390816684,0.1755400366178892,1.0,1.0,0.0,0.0,1.0,0.0,0.0,0.0,0,0.20633892449536362,0.5538294925506636
1.3167024775617353,0.6758355397351125,0.6241783132224592,0.7553792081419006,0.1755400366178892,1.0,1.0,1.0,1.0,1.0,0.0,0.0,1.0,0,1.3000138529575715,0.5509544467022328
-0.8271043056395267,0.5828168730868364,0.8767104897336425,1.4816919516340232,0.1755400366178892,1.0,1.0,0.0,0.0,0.0,1.0,0.0,1.0,0,1.459527362820479,0.5529706961774074
1.3167024775617353,0.517446413001073,-1.1028368386382617,0.2195247189261018,-2.628629099317595,1.0,1.0,0.0,1.0,1.0,0.0,0.0,1.0,1,-0.5853904256371887,0.5483721442981961
0.8542591221141067,0.8654682793257293,0.7818945952900874,-0.3250427419068526,0.1755400366178892,1.0,1.0,0.0,0.0,0.0,0.0,1.0,0.0,0,1.6473628746158169,0.5473394596147363
-0.8271043056395267,-0.8492209050672421,0.4207270772228862,0.0117888034744957,0.1755400366178892,0.0,1.0,0.0,0.0,0.0,1.0,0.0,1.0,1,-0.4284938278443559,0.5481280611033814
1.3167024775617353,0.0228008755112844,0.7377317747048864,0.4089547856074439,0.1755400366178892,1.0,1.0,0.0,0.0,1.0,0.0,0.0,1.0,1,0.7605326502161708,0.5507531930216193
1.3167024775617353,0.10769637736503,-1.1028368386382617,-0.0354711893716641,0.1755400366178892,1.0,1.0,0.0,0.0,0.0,1.0,0.0,0.0,0,-0.9951404612732316,0.5484213811656152
-0.8271043056395267,-0.9698944972112338,0.8444578898578305,-0.3250427419068526,0.1755400366178892,1.0,1.0,1.0,0.0,1.0,0.0,0.0,1.0,1,-0.12543660735340323,0.5602906467935156
1.5222778302128526,0.2122888971193511,0.8381611104017925,0.275367434330036,0.1755400366178892,1.0,0.0,1.0,0.0,0.0,1.0,0.0,1.0,1,1.0504500075211436,0.549473312357004
1.3167024775617353,-0.5233242556046572,-1.1028368386382617,-0.934007574216674,0.1755400366178892,1.0,1.0,0.0,0.0,0.0,1.0,0.0,1.0,1,-1.626161094242919,0.5509233703775482
-0.8271043056395267,-0.7331041719781474,0.8248722288505855,-0.2182912006056619,0.1755400366178892,1.0,1.0,1.0,0.0,0.0,1.0,0.0,0.0,0,0.09176805687243816,0.5372082414443241
-0.8271043056395267,-0.0803498064788628,0.7817065719116859,-0.3433676341234293,0.1755400366178892,1.0,0.0,1.0,0.0,1.0,0.0,0.0,1.0,1,0.7013567654328231,0.5459820830295511
1.3167024775617353,-0.3191192239951643,0.9536631580087924,0.2195247189261018,0.1755400366178892,1.0,1.0,1.0,0.0,0.0,0.0,1.0,1.0,1,0.6345439340136281,0.5498625738008122
0.8542591221141067,0.2175324304075182,-1.1028368386382617,-0.934007574216674,0.1755400366178892,0.0,0.0,0.0,0.0,0.0,1.0,0.0,1.0,0,-0.8853044082307434,0.5531556648012654
0.8542591221141067,0.4916378904733793,-1.1028368386382617,-2.1155603882768905,0.1755400366178892,1.0,1.0,0.0,0.0,0.0,0.0,1.0,1.0,1,-0.6111989481648823,0.564331388742443
-0.8271043056395267,2.303017950609218,-1.1028368386382617,3.410097347520992,4.104711360090853,1.0,0.0,0.0,1.0,0.0,0.0,1.0,1.0,1,1.2001811119709564,0.5488201713079138
1.5222778302128526,2.522303937455013,-1.1028368386382617,2.1891333031213245,0.1755400366178892,1.0,1.0,0.0,0.0,1.0,0.0,0.0,1.0,1,1.4194670988167515,0.5554184243157168
-0.8271043056395267,3.7440826779027807,-1.1028368386382617,2.7936216136901906,-2.3128794500174443,1.0,1.0,0.0,0.0,0.0,0.0,1.0,1.0,1,2.641245839264519,0.5478830118053861
-0.8271043056395267,-0.9377230071759812,0.7534569516405322,-0.43744307300139,0.1755400366178892,1.0,1.0,0.0,0.0,0.0,0.0,1.0,1.0,1,-0.18426605553544906,0.5592813615600664
-0.8271043056395267,1.6908908886404104,-1.1028368386382617,2.3827273739188897,0.1755400366178892,1.0,0.0,0.0,0.0,0.0,1.0,0.0,1.0,1,0.5880540500021487,0.5670741275135462
1.3167024775617353,0.6442475824934161,0.7045508766189863,-0.3618520173502356,0.1755400366178892,1.0,1.0,0.0,1.0,1.0,0.0,0.0,1.0,1,1.3487984591124023,0.5470098684645587
0.8542591221141067,-0.8684430273535063,-1.1028368386382617,-0.1499854163908197,0.1755400366178892,1.0,1.0,0.0,1.0,0.0,1.0,0.0,1.0,1,-1.971279865991768,0.5486092020176888
-0.8271043056395267,0.1587482103698622,-1.1028368386382617,-0.2357153515680501,0.1755400366178892,0.0,0.0,0.0,0.0,0.0,1.0,0.0,1.0,1,-0.9440886282683995,0.5494154099812699
-0.8271043056395267,-0.0646931164115269,0.8886885022225632,0.0732222175168208,0.1755400366178892,1.0,1.0,0.0,0.0,0.0,1.0,0.0,1.0,1,0.8239953858110364,0.5486685431502533
1.5222778302128526,0.6837943903473722,-1.1028368386382617,0.3959620352930289,-2.3128794500174443,1.0,1.0,0.0,0.0,1.0,0.0,0.0,1.0,1,-0.41904244829088944,0.5485889115939214
1.5222778302128526,-1.1107358873925666,0.539077246607203,-0.6391449602446815,4.104711360090853,1.0,1.0,1.0,0.0,0.0,1.0,0.0,1.0,1,-0.5716586407853635,0.548477901333717
-0.8271043056395267,-0.7805583309784039,0.8030161505617157,0.2336217991213509,0.1755400366178892,1.0,0.0,0.0,0.0,1.0,0.0,0.0,1.0,1,0.022457819583311833,0.596569374600478
1.3167024775617353,-0.934832026168146,0.619833208291275,-1.0083674194573822,-2.3128794500174443,1.0,1.0,0.0,0.0,0.0,0.0,1.0,1.0,1,-0.314998817876871,0.5471274548326158
0.8542591221141067,-0.0945481031183547,-1.1028368386382617,-1.4571100339289804,0.1755400366178892,0.0,0.0,1.0,1.0,0.0,1.0,0.0,1.0,0,-1.1973849417566163,0.5539075695916841
-0.8271043056395267,1.4476367889353263,-1.1028368386382617,1.2210180017950305,0.1755400366178892,1.0,1.0,0.0,0.0,0.0,1.0,0.0,1.0,1,0.3447999502970647,0.5647025052256983
1.3167024775617353,-1.9126858211753148,0.6493161170473276,-3.8570123911529177,-2.56042930004175,1.0,1.0,0.0,0.0,0.0,0.0,1.0,1.0,1,-1.2633697041279872,0.5472837455329782
1.3167024775617353,0.0913342196783418,-1.1028368386382617,0.1032911020303972,0.1755400366178892,1.0,0.0,0.0,0.0,1.0,0.0,0.0,1.0,1,-1.0115026189599199,0.5477815740952876
-0.8271043056395267,-0.8383463234344332,1.00351953459703,-0.0038488581889707,0.1755400366178892,1.0,1.0,0.0,0.0,1.0,0.0,0.0,1.0,1,0.16517321116259687,0.548147614837731
-0.8271043056395267,0.6640461347859774,1.1084837902944422,1.4335826471850144,0.1755400366178892,1.0,1.0,0.0,0.0,0.0,1.0,0.0,1.0,1,1.7725299250804196,0.5520120671986057
-0.8271043056395267,0.2701769723142382,-1.1028368386382617,0.0580281789394147,0.1755400366178892,1.0,1.0,1.0,0.0,1.0,0.0,0.0,1.0,0,-0.8326598663240234,0.5479321728068295
-0.8271043056395267,0.5940800806691156,-1.1028368386382617,-0.2357153515680501,0.1755400366178892,1.0,0.0,1.0,0.0,1.0,0.0,0.0,0.0,0,-0.5087567579691461,0.5504076310345866
-0.8271043056395267,0.3429133691350964,-1.1028368386382617,-0.0837990566537093,0.1755400366178892,1.0,0.0,0.0,0.0,1.0,0.0,0.0,0.0,0,-0.7599234695031652,0.5487679810819311
-0.8271043056395267,-1.2985579865493364,0.9515063044538444,-0.2532832773189677,0.1755400366178892,1.0,0.0,0.0,0.0,1.0,0.0,0.0,1.0,0,-0.347051682095492,0.5516453351498648
-0.8271043056395267,1.2082822063525438,-1.1028368386382617,1.3085172374225778,0.1755400366178892,1.0,0.0,0.0,0.0,0.0,0.0,1.0,1.0,0,0.10544536771428215,0.6058893384837702
-0.8271043056395267,0.2033957703603366,0.8527761635159424,-0.1499854163908197,0.1755400366178892,1.0,0.0,0.0,0.0,0.0,1.0,0.0,1.0,0,1.056171933876279,0.5475963023548178
-0.8271043056395267,-0.7049684058348702,1.0138456537801122,-0.1499854163908197,0.1755400366178892,0.0,1.0,0.0,0.0,0.0,0.0,1.0,0.0,0,0.30887724794524196,0.546000630994795
-0.8271043056395267,-0.5454013927970284,-1.1028368386382617,-0.862197089363886,0.1755400366178892,0.0,0.0,0.0,0.0,0.0,1.0,0.0,1.0,1,-1.6482382314352901,0.5506852961222055
-0.8271043056395267,-0.4130780486522772,0.967634302344896,0.0427256688923862,0.1755400366178892,0.0,0.0,0.0,0.0,1.0,0.0,0.0,1.0,1,0.5545562536926187,0.5486136582041063
1.5222778302128526,-4.035495844745324,1.89279771128966,2.070535614973872,-2.3128794500174443,0.0,0.0,0.0,0.0,0.0,0.0,1.0,1.0,0,-2.1426981334556645,0.5485964550807867
1.3167024775617353,-0.07430769498515,-1.1028368386382617,-0.0837990566537093,0.1755400366178892,1.0,1.0,1.0,0.0,0.0,1.0,0.0,1.0,1,-1.1771445336234116,0.5485864592887087
-0.8271043056395267,-1.1694170315865011,-1.1028368386382617,-0.1499854163908197,0.1755400366178892,1.0,0.0,1.0,0.0,0.0,0.0,1.0,1.0,0,-2.2722538702247626,0.5485623966192934
-0.8271043056395267,1.070153065375694,-1.1028368386382617,0.4347082487371803,0.1755400366178892,1.0,1.0,0.0,0.0,0.0,1.0,0.0,1.0,0,-0.03268377326256755,0.4864842500992216
1.5222778302128526,0.9618969726364472,-1.1028368386382617,-0.0196016061234886,-2.3128794500174443,1.0,1.0,0.0,0.0,0.0,0.0,1.0,1.0,1,-0.1409398660018144,0.5482068133187635
1.3167024775617353,0.3181741378605323,0.8521669790391802,0.7331829242703751,0.1755400366178892,1.0,1.0,0.0,0.0,1.0,0.0,0.0,1.0,0,1.1703411168997124,0.5511653674856557
-0.8271043056395267,-0.8282225000202457,0.8882776996937887,0.6880994286317845,0.1755400366178892,1.0,1.0,1.0,0.0,0.0,0.0,1.0,0.0,0,0.060055199673543,0.6014695600538447
1.3167024775617353,-0.2130522717384954,-1.1028368386382617,-0.3250427419068526,0.1755400366178892,1.0,0.0,0.0,0.0,1.0,0.0,0.0,0.0,0,-1.315889110376757,0.5494030502782913
-0.8271043056395267,0.5828168730868364,-1.1028368386382617,0.3828906610883599,0.1755400366178892,0.0,0.0,0.0,0.0,0.0,0.0,1.0,1.0,1,-0.5200199655514253,0.5448362170102177
1.3167024775617353,0.1820880916801386,-1.1028368386382617,0.0732222175168208,0.1755400366178892,1.0,1.0,0.0,0.0,0.0,0.0,1.0,1.0,0,-0.920748746958123,0.5478864980986936
1.5222778302128526,-0.4844018335602558,-1.1028368386382617,-0.535889650237985,0.1755400366178892,1.0,1.0,0.0,0.0,0.0,0.0,1.0,1.0,1,-1.5872386721985174,0.5498238733987897
-0.8271043056395267,1.3402429656296868,-1.1028368386382617,-0.1499854163908197,-1.8284042739782391,0.0,1.0,0.0,0.0,0.0,1.0,0.0,1.0,1,0.23740612699142516,0.5485375350283629
-0.8271043056395267,-0.4125700103578072,-1.1028368386382617,-1.111815758290904,0.1755400366178892,1.0,0.0,0.0,0.0,0.0,0.0,1.0,1.0,0,-1.5154068489960688,0.5516632644477641
-0.8271043056395267,0.1105227356229417,-1.1028368386382617,-0.1499854163908197,0.1755400366178892,0.0,0.0,1.0,0.0,0.0,1.0,0.0,1.0,1,-0.99231410301532,0.5489578138726086
1.3167024775617353,-0.1430590121573986,0.8521669790391802,-0.1499854163908197,0.1755400366178892,0.0,0.0,0.0,0.0,0.0,1.0,0.0,1.0,1,0.7091079668817816,0.5472735015289928
-0.8271043056395267,-0.8649924172231317,0.8168422630191141,-0.43744307300139,0.1755400366178892,0.0,0.0,0.0,0.0,0.0,0.0,1.0,0.0,0,-0.04815015420401758,0.5904494702939201
-0.8271043056395267,-1.034821408166911,0.897336087537152,-0.2357153515680501,0.1755400366178892,1.0,1.0,1.0,0.0,0.0,0.0,1.0,1.0,1,-0.13748532062975893,0.5562184313333498
-0.8271043056395267,-0.17460956832489,1.0873955278539285,0.5831065876015746,0.1755400366178892,1.0,0.0,0.0,0.0,1.0,0.0,0.0,1.0,1,0.9127859595290384,0.551222731002838
0.8542591221141067,-1.5230041559712266,0.8065265696171541,-0.5972350422305313,0.1755400366178892,1.0,1.0,0.0,0.0,0.0,0.0,1.0,1.0,1,-0.7164775863540725,0.5521272162142666
-0.8271043056395267,0.591085609722808,-1.1028368386382617,0.4347082487371803,0.1755400366178892,1.0,1.0,1.0,0.0,0.0,0.0,1.0,1.0,0,-0.5117512289154537,0.5443107001306591
-0.8271043056395267,-1.2894207824755424,0.6364060640375978,-0.5561408697952985,0.1755400366178892,1.0,1.0,1.0,0.0,0.0,1.0,0.0,1.0,1,-0.6530147184379446,0.5522111866735165
-0.8271043056395267,-0.2987777892827594,-1.1028368386382617,-0.618085963925903,0.1755400366178892,0.0,0.0,1.0,0.0,1.0,0.0,0.0,1.0,0,-1.401614627921021,0.5503038998510951
-0.8271043056395267,0.1851040745425995,0.9534367568630436,-0.3068745461379132,-2.664178254384228,1.0,1.0,0.0,0.0,0.0,0.0,1.0,1.0,1,1.138540831405643,0.5483383167088605
-0.8271043056395267,0.4477046424140229,-1.1028368386382617,-0.0675680617736447,0.1755400366178892,1.0,1.0,0.0,0.0,1.0,0.0,0.0,1.0,1,-0.6551321962242387,0.5487348368660634
0.8542591221141067,0.5990563475353274,0.8399044919544589,1.3593966845052965,0.1755400366178892,1.0,1.0,0.0,0.0,0.0,1.0,0.0,1.0,1,1.4389608394897864,0.5526433687813104
1.3167024775617353,0.6442475824934161,0.787116636033097,0.9956139658173414,0.1755400366178892,1.0,1.0,0.0,0.0,0.0,1.0,0.0,1.0,1,1.4313642185265132,0.551486293222195
0.8542591221141067,0.1987622487588781,-1.1028368386382617,0.0883093485270123,0.1755400366178892,0.0,1.0,0.0,0.0,0.0,0.0,1.0,1.0,1,-0.9040745898793836,0.5478021820185665
-0.8271043056395267,-0.0413287564250498,0.880236264566619,0.2195247189261018,0.1755400366178892,0.0,0.0,0.0,0.0,0.0,1.0,0.0,1.0,1,0.8389075081415691,0.5494711617379731
-0.8271043056395267,0.208343349951229,-1.1028368386382617,-0.5972350422305313,0.1755400366178892,1.0,1.0,1.0,1.0,0.0,0.0,1.0,1.0,1,-0.8944934886870326,0.5513567610792997
-0.8271043056395267,-0.4130780486522772,-1.1028368386382617,-2.4938764988110207,0.1755400366178892,0.0,1.0,0.0,0.0,0.0,1.0,0.0,1.0,1,-1.5159148872905388,0.5558963615840034
1.3167024775617353,1.0103698914408958,-1.1028368386382617,0.8943940524136059,0.1755400366178892,1.0,1.0,0.0,0.0,0.0,1.0,0.0,1.0,1,-0.09246694719736581,0.5033331784887384
-0.8271043056395267,0.075504348600829,-1.1028368386382617,0.0117888034744957,0.1755400366178892,1.0,1.0,0.0,0.0,0.0,1.0,0.0,1.0,1,-1.0273324900374328,0.5482025423660146
1.5222778302128526,0.2839705148790443,-1.1028368386382617,-0.0196016061234886,0.1755400366178892,1.0,1.0,1.0,0.0,0.0,1.0,0.0,1.0,0,-0.8188663237592173,0.5483670104006022
-0.8271043056395267,0.6798207854734714,-1.1028368386382617,0.8943940524136059,0.1755400366178892,1.0,0.0,0.0,1.0,1.0,0.0,0.0,1.0,1,-0.4230160531647903,0.5384362069150583
-0.8271043056395267,-1.3479092359952236,0.962047418153108,-0.6604163309501965,0.1755400366178892,1.0,1.0,1.0,0.0,0.0,0.0,1.0,0.0,0,-0.3858618178421156,0.5562047739346445
-0.8271043056395267,1.0699780365514115,1.042140982838648,0.7553792081419006,0.1755400366178892,1.0,0.0,0.0,0.0,1.0,0.0,0.0,1.0,1,2.1121190193900596,0.5499168370637099
-0.8271043056395267,1.2335686074067247,-1.1028368386382617,0.7663930774271385,-2.3128794500174443,1.0,1.0,0.0,0.0,1.0,0.0,0.0,1.0,1,0.13073176876846304,0.5461894258700407
-0.8271043056395267,1.4693487109941947,-1.1028368386382617,-0.8858617036421972,0.1755400366178892,1.0,0.0,0.0,1.0,0.0,0.0,1.0,1.0,0,0.3665118723559331,0.5370304595493204
1.3167024775617353,0.7122036404421941,-1.1028368386382617,0.9455895373771236,0.1755400366178892,1.0,1.0,0.0,0.0,0.0,1.0,0.0,1.0,1,-0.39063319819606757,0.5370135004577108
1.5222778302128526,-0.0444744848649824,-1.1028368386382617,-0.1499854163908197,-2.3128794500174443,1.0,1.0,1.0,0.0,0.0,0.0,1.0,1.0,0,-1.147311323503244,0.5482097566267649
0.8542591221141067,-0.3392664884649916,-1.1028368386382617,-0.5972350422305313,0.1755400366178892,1.0,1.0,0.0,0.0,0.0,1.0,0.0,1.0,1,-1.4421033271032533,0.5501792472234592
1.3167024775617353,-0.3596968042524741,0.8094817461308227,-0.934007574216674,0.1755400366178892,1.0,1.0,1.0,0.0,0.0,0.0,1.0,1.0,1,0.4497849418783486,0.5386115847606839
-0.8271043056395267,0.8552270762718934,-1.1028368386382617,-0.1499854163908197,0.1755400366178892,0.0,0.0,0.0,0.0,1.0,0.0,0.0,1.0,1,-0.24760976236636822,0.5510690609242147
-0.8271043056395267,-0.2480046524113052,-1.1028368386382617,-1.0594511934205648,0.1755400366178892,0.0,0.0,0.0,0.0,0.0,0.0,1.0,0.0,0,-1.3508414910495667,0.5518983373546013
1.5222778302128526,-0.5288125760681955,0.7813302064880006,-1.220663132451632,-2.3128794500174443,1.0,1.0,1.0,0.0,0.0,0.0,1.0,0.0,0,0.252517630419805,0.5499597613954698
1.5222778302128526,-0.4496075828095351,-1.1028368386382617,-0.2709974300213708,0.1755400366178892,1.0,1.0,1.0,0.0,1.0,0.0,0.0,1.0,1,-1.5524444214477968,0.5490665591959663
-0.8271043056395267,-0.6330335345342752,0.7402985847397701,-0.3250427419068526,0.1755400366178892,0.0,0.0,0.0,0.0,0.0,0.0,1.0,1.0,1,0.10726505020549482,0.5341822337461155
0.8542591221141067,0.9707909521445248,-1.1028368386382617,1.2739334783945224,0.1755400366178892,1.0,1.0,0.0,1.0,0.0,0.0,1.0,1.0,1,-0.13204588649373683,0.5034489325495748
-0.8271043056395267,-0.8114999301691082,-1.1028368386382617,-1.553232230274975,0.1755400366178892,1.0,0.0,0.0,0.0,0.0,0.0,1.0,1.0,1,-1.9143367688073698,0.5520240990220837
-0.8271043056395267,0.2562459861587418,1.047016429475438,0.3163194295117624,0.1755400366178892,1.0,0.0,0.0,0.0,0.0,1.0,0.0,1.0,1,1.3032624156341799,0.549383078531951
0.8542591221141067,-0.2681007755781155,0.6824477107139286,0.0117888034744957,0.1755400366178892,1.0,1.0,0.0,1.0,1.0,0.0,0.0,1.0,1,0.4143469351358131,0.5483879750733887
1.3167024775617353,-0.3582279469781719,0.4083537876053836,0.0883093485270123,0.1755400366178892,1.0,1.0,0.0,0.0,0.0,1.0,0.0,1.0,1,0.050125840627211704,0.5564379988430809
1.3167024775617353,2.1125466864346025,-1.1028368386382617,2.356068454197384,0.1755400366178892,1.0,1.0,0.0,1.0,1.0,0.0,0.0,1.0,1,1.0097098477963409,0.5590929691393243
-0.8271043056395267,-0.2090732268865422,0.8632628080499196,-0.1668577872546699,0.1755400366178892,1.0,1.0,0.0,0.0,1.0,0.0,0.0,0.0,0,0.6541895811633774,0.5470712526279592
-0.8271043056395267,1.195135427615619,-1.1028368386382617,1.1667986749186172,0.1755400366178892,1.0,1.0,0.0,0.0,0.0,1.0,0.0,1.0,1,0.09229858897735732,0.6069674387369635
1.5222778302128526,-0.409525485168502,-1.1028368386382617,-1.111815758290904,0.1755400366178892,1.0,1.0,1.0,0.0,0.0,1.0,0.0,1.0,1,-1.5123623238067636,0.5516701239146873
-0.8271043056395267,-0.1608810329655241,0.9191688702254042,0.5950263477159674,0.1755400366178892,1.0,1.0,0.0,0.0,0.0,0.0,1.0,1.0,0,0.75828783725988,0.5519002295177978
-0.8271043056395267,1.333530363529731,-1.1028368386382617,1.0348264947560015,0.1755400366178892,0.0,0.0,0.0,0.0,0.0,1.0,0.0,1.0,0,0.23069352489146944,0.569088999191657
-0.8271043056395267,-0.162589950637232,0.8392715788911479,-0.1499854163908197,0.1755400366178892,1.0,1.0,0.0,0.0,1.0,0.0,0.0,1.0,1,0.6766816282539159,0.5472264283789665
-0.8271043056395267,-0.2539131421564585,0.8335211665932016,-0.2182912006056619,0.1755400366178892,1.0,1.0,0.0,0.0,1.0,0.0,0.0,1.0,1,0.5796080244367432,0.5465066954471745
1.3167024775617353,0.5263793178290249,-1.1028368386382617,0.8099001008599278,0.1755400366178892,1.0,1.0,0.0,0.0,0.0,0.0,1.0,1.0,1,-0.5764575208092367,0.541730736242569
0.8542591221141067,1.2656367525925778,-1.1028368386382617,0.7553792081419006,0.1755400366178892,1.0,1.0,0.0,0.0,0.0,0.0,1.0,1.0,1,0.16279991395431614,0.5698051741628614
-0.8271043056395267,-0.4543038919104274,-1.1028368386382617,-0.1499854163908197,0.1755400366178892,0.0,0.0,0.0,0.0,0.0,1.0,0.0,1.0,1,-1.557140730548689,0.548703183484605
-0.8271043056395267,-0.4049705629876791,0.9601648057473936,0.4474708347680211,0.1755400366178892,1.0,0.0,0.0,0.0,0.0,0.0,1.0,1.0,1,0.5551942427597145,0.5519990351763654
-0.8271043056395267,0.517446413001073,-1.1028368386382617,1.400918260585925,0.1755400366178892,1.0,1.0,0.0,0.0,0.0,0.0,1.0,1.0,0,-0.5853904256371887,0.5371413287075819
-0.8271043056395267,-1.321640559402247,0.7115995513187214,-0.5158305579751992,0.1755400366178892,1.0,1.0,0.0,0.0,0.0,0.0,1.0,0.0,0,-0.6100410080835255,0.5521829290195803
-0.8271043056395267,1.8729655376566552,0.8547484557025937,1.7712742603668707,0.1755400366178892,1.0,1.0,0.0,0.0,1.0,0.0,0.0,1.0,0,2.7277139933592487,0.5512716889258802
0.8542591221141067,-0.4186781593195106,0.8023096245498658,0.1621938112484188,0.1755400366178892,1.0,1.0,0.0,0.0,0.0,1.0,0.0,1.0,1,0.3836314652303552,0.5502193920280211
-0.8271043056395267,-0.3305977246629377,-1.1028368386382617,-1.220663132451632,0.1755400366178892,1.0,0.0,0.0,0.0,0.0,0.0,1.0,1.0,1,-1.4334345633011993,0.5522107870009014
0.8542591221141067,0.5828168730868364,-1.1028368386382617,0.4347082487371803,0.1755400366178892,1.0,1.0,0.0,0.0,1.0,0.0,0.0,1.0,1,-0.5200199655514253,0.5443734309836777
-0.8271043056395267,0.8313720184207185,-1.1028368386382617,-0.862197089363886,0.1755400366178892,1.0,0.0,0.0,1.0,0.0,1.0,0.0,1.0,1,-0.27146482021754315,0.5630066533060627
0.8542591221141067,0.2883309634171965,-1.1028368386382617,-0.1499854163908197,0.1755400366178892,1.0,1.0,0.0,0.0,1.0,0.0,0.0,0.0,0,-0.8145058752210652,0.5491110568446697
-0.8271043056395267,-0.6592268318522204,-1.1028368386382617,-0.9585018476402082,0.1755400366178892,0.0,0.0,1.0,0.0,0.0,0.0,1.0,0.0,0,-1.7620636704904822,0.5507821920514476
1.3167024775617353,-0.0978132989189004,-1.1028368386382617,-0.5972350422305313,0.1755400366178892,1.0,1.0,0.0,0.0,0.0,1.0,0.0,1.0,1,-1.200650137557162,0.5505660489815499
-0.8271043056395267,0.5828168730868364,-1.1028368386382617,0.1621938112484188,0.1755400366178892,1.0,0.0,0.0,0.0,1.0,0.0,0.0,1.0,1,-0.5200199655514253,0.5468072739976539
0.8542591221141067,0.3628056462648664,-1.1028368386382617,0.0427256688923862,0.1755400366178892,0.0,0.0,1.0,0.0,0.0,1.0,0.0,1.0,1,-0.7400311923733953,0.5479876966015224
-0.8271043056395267,0.5362949268276787,0.8637050465203028,0.7219993277935018,0.1755400366178892,1.0,1.0,0.0,1.0,0.0,1.0,0.0,1.0,1,1.3999999733479815,0.5506509819013095
-0.8271043056395267,-0.5387434230370375,0.8882776996937887,0.1476189106680677,0.1755400366178892,0.0,1.0,0.0,0.0,0.0,1.0,0.0,1.0,1,0.3495342766567512,0.5502172779753964
0.8542591221141067,-0.2340118741821258,-1.1028368386382617,-0.2888603256310467,0.1755400366178892,0.0,0.0,0.0,0.0,0.0,1.0,0.0,1.0,1,-1.3368487128203874,0.5492593629515952
-0.8271043056395267,-0.9937295081142749,-1.1028368386382617,-1.520692184334421,0.1755400366178892,1.0,1.0,0.0,0.0,0.0,0.0,1.0,0.0,0,-2.0965663467525366,0.5516244858416947
-0.8271043056395267,-0.1677289223206856,-1.1028368386382617,-0.6604163309501965,0.1755400366178892,0.0,0.0,0.0,0.0,1.0,0.0,0.0,1.0,1,-1.2705657609589474,0.5506698726710594
1.3167024775617353,0.4205447944982309,-1.1028368386382617,0.0117888034744957,0.1755400366178892,1.0,1.0,0.0,0.0,0.0,0.0,1.0,1.0,1,-0.6822920441400308,0.5481755909573924
1.3167024775617353,2.046318379364424,-1.1028368386382617,1.5596213525347504,0.1755400366178892,1.0,1.0,0.0,0.0,0.0,0.0,1.0,1.0,1,0.9434815407261625,0.5559331424127167
-0.8271043056395267,0.4510278364483419,-1.1028368386382617,-0.4182912163761708,0.1755400366178892,0.0,1.0,0.0,1.0,1.0,0.0,0.0,0.0,0,-0.6518090021899198,0.551236284147748
1.5222778302128526,3.5019851184092183,-1.1028368386382617,3.573177469524045,-1.026086682611871,1.0,1.0,0.0,0.0,0.0,0.0,1.0,1.0,1,2.399148279770957,0.5470724882072017
0.8542591221141067,0.603519560994685,1.0834432761834294,1.9453127222272677,0.1755400366178892,1.0,1.0,0.0,0.0,0.0,0.0,1.0,1.0,1,1.6869628371781142,0.5536114225283695
-0.8271043056395267,2.2738354733633788,1.1548902139742234,3.1225118040678144,0.1755400366178892,1.0,1.0,0.0,0.0,1.0,0.0,0.0,1.0,0,3.428725687337602,0.552485389215962
-0.8271043056395267,1.3906759539418074,-1.1028368386382617,1.4335826471850144,0.1755400366178892,0.0,0.0,0.0,0.0,0.0,0.0,1.0,1.0,1,0.2878391153035458,0.571386920966339
1.5222778302128526,-0.2425720099917949,-1.1028368386382617,-0.934007574216674,-2.3128794500174443,1.0,1.0,1.0,0.0,1.0,0.0,0.0,1.0,0,-1.3454088486300566,0.5480111320560475
-0.8271043056395267,-0.8802347054711225,-1.1028368386382617,-4.93546591463082,0.1755400366178892,0.0,0.0,0.0,0.0,0.0,0.0,1.0,1.0,0,-1.983071544109384,0.559814639177906
-0.8271043056395267,-0.2201533407086333,1.0726816237192278,0.3297990201723457,0.1755400366178892,1.0,1.0,1.0,0.0,1.0,0.0,0.0,0.0,0,0.8525282830105945,0.5500524874029609
1.5222778302128526,0.5060651890689648,-1.1028368386382617,0.0117888034744957,0.1755400366178892,1.0,1.0,1.0,1.0,1.0,0.0,0.0,1.0,1,-0.5967716495692968,0.5481640913239247
1.5222778302128526,-0.2681007755781155,1.0127027475131591,0.3027550388708547,0.1755400366178892,1.0,1.0,0.0,0.0,1.0,0.0,0.0,1.0,1,0.7446019719350436,0.5501442205753022
-0.8271043056395267,0.2043866819901319,0.82553280210713,0.7331829242703751,0.1755400366178892,1.0,0.0,0.0,0.0,0.0,1.0,0.0,1.0,0,1.0299194840972619,0.5515620597099858
-0.8271043056395267,0.5679077943316059,1.0820377028104604,1.7148709180590642,0.1755400366178892,1.0,0.0,0.0,0.0,0.0,1.0,0.0,1.0,1,1.6499454971420664,0.5530829212942656
-0.8271043056395267,0.3554163986107725,-1.1028368386382617,-0.0196016061234886,0.1755400366178892,1.0,0.0,0.0,1.0,0.0,1.0,0.0,1.0,1,-0.7474204400274891,0.5483776374807028
-0.8271043056395267,0.6067339571216004,-1.1028368386382617,1.073349684023952,0.1755400366178892,1.0,1.0,1.0,0.0,1.0,0.0,0.0,0.0,0,-0.49610288151666126,0.5382075378256749
-0.8271043056395267,-0.7331041719781474,1.019504511722943,-0.2357153515680501,0.1755400366178892,1.0,1.0,0.0,0.0,0.0,0.0,1.0,1.0,1,0.28640033974479573,0.5444334255981073
-0.8271043056395267,-0.5107782938364612,0.8521669790391802,-0.1499854163908197,0.1755400366178892,1.0,0.0,0.0,0.0,1.0,0.0,0.0,1.0,1,0.3413886852027189,0.5462154008008221
-0.8271043056395267,1.863550412385986,-1.1028368386382617,2.541342259698123,0.1755400366178892,1.0,1.0,0.0,0.0,0.0,1.0,0.0,1.0,1,0.7607135737477244,0.5637713111338555
-0.8271043056395267,-0.0978132989189004,1.0002718632931211,0.1910503528013906,-2.3128794500174443,1.0,1.0,0.0,0.0,1.0,0.0,0.0,1.0,1,0.9024585643742207,0.5481812147998312
-0.8271043056395267,-0.6125237022982962,0.8771355230624517,-0.1166357595018382,0.1755400366178892,1.0,1.0,0.0,0.0,0.0,1.0,0.0,1.0,1,0.26461182076415546,0.5462087062116519
-0.8271043056395267,-0.9997473583821684,-1.1028368386382617,-1.3355205497033746,0.1755400366178892,0.0,0.0,1.0,0.0,1.0,0.0,0.0,1.0,1,-2.10258419702043,0.5512058247516692
-0.8271043056395267,0.2726950361354434,-1.1028368386382617,-0.4762740692488179,0.1755400366178892,1.0,0.0,0.0,0.0,0.0,1.0,0.0,1.0,1,-0.8301418025028182,0.5509204103737205
-0.8271043056395267,-0.7476924795211222,1.042140982838648,0.3297990201723457,0.1755400366178892,1.0,1.0,0.0,1.0,1.0,0.0,0.0,1.0,1,0.2944485033175259,0.5534577496718704
-0.8271043056395267,0.6521537757584046,1.0961480625379916,0.9857001372606692,0.1755400366178892,1.0,0.0,0.0,0.0,1.0,0.0,0.0,0.0,0,1.7483018382963962,0.5508743300932698
-0.8271043056395267,-0.0413287564250498,0.9104230116613856,0.1621938112484188,0.1755400366178892,1.0,0.0,0.0,0.0,1.0,0.0,0.0,1.0,1,0.8690942552363358,0.5491225800325137
-0.8271043056395267,-1.7298391757586298,-1.1028368386382617,-2.5465547608739065,0.1755400366178892,1.0,0.0,1.0,0.0,0.0,0.0,1.0,1.0,0,-2.8326760143968914,0.5524310550115138
1.3167024775617353,-0.3959031257592563,0.5169191969930276,-1.220663132451632,0.1755400366178892,1.0,1.0,0.0,0.0,0.0,0.0,1.0,1.0,1,0.12101607123377128,0.5014094776969504
-0.8271043056395267,-1.3291004536573097,0.7915284903572551,-0.5158305579751992,0.1755400366178892,1.0,1.0,0.0,0.0,0.0,0.0,1.0,1.0,1,-0.5375719633000545,0.5527123327870973
-0.8271043056395267,-0.1154923952955937,0.539077246607203,0.4347082487371803,0.1755400366178892,1.0,1.0,0.0,0.0,0.0,0.0,1.0,1.0,1,0.42358485131160933,0.5530221274801442
-0.8271043056395267,-0.3305977246629377,0.9104230116613856,-0.0196016061234886,0.1755400366178892,1.0,1.0,0.0,0.0,0.0,1.0,0.0,1.0,1,0.5798252869984479,0.5480988303116706
-0.8271043056395267,0.5355147121183136,1.0346978226177024,1.8194821063472388,0.1755400366178892,1.0,0.0,0.0,0.0,1.0,0.0,0.0,1.0,0,1.570212534736016,0.5536374491696883
0.8542591221141067,0.7276581091167926,-1.1028368386382617,0.1181689752185487,-2.3128794500174443,1.0,1.0,1.0,0.0,0.0,0.0,1.0,1.0,1,-0.375178729521469,0.5483668594200685
0.8542591221141067,-1.026360062832799,-1.1028368386382617,-1.3355205497033746,-1.026086682611871,1.0,1.0,0.0,1.0,1.0,0.0,0.0,0.0,0,-2.1291969014710608,0.5477574690201115
0.8542591221141067,0.178729395540387,-1.1028368386382617,-0.934007574216674,0.1755400366178892,0.0,0.0,1.0,0.0,1.0,0.0,0.0,1.0,0,-0.9241074430978746,0.5529499222779266
-0.8271043056395267,-1.3394169601875698,0.8176877413721353,-0.7255497588537938,0.1755400366178892,1.0,1.0,0.0,0.0,0.0,0.0,1.0,1.0,1,-0.5217292188154345,0.554714536713407
1.5222778302128526,1.2084398009185655,-1.1028368386382617,0.7331829242703751,0.1755400366178892,1.0,0.0,0.0,0.0,1.0,0.0,0.0,1.0,1,0.10560296228030386,0.5805006084412375
-0.8271043056395267,-0.6306751227341458,0.8312580811716008,0.3697396818507987,0.1755400366178892,1.0,1.0,0.0,0.0,1.0,0.0,0.0,1.0,1,0.200582958437455,0.5568168485858379
-0.8271043056395267,-0.3799210587475893,0.8312580811716008,-0.3618520173502356,0.1755400366178892,1.0,1.0,0.0,0.0,1.0,0.0,0.0,1.0,1,0.4513370224240115,0.5445323218253234
-0.8271043056395267,-0.4166392714688024,-1.1028368386382617,-0.5158305579751992,0.1755400366178892,0.0,0.0,0.0,0.0,0.0,1.0,0.0,1.0,1,-1.519476110107064,0.5498324902735793
-0.8271043056395267,0.503937327146134,1.0769147542037931,0.6186712265946805,0.1755400366178892,1.0,1.0,0.0,0.0,0.0,1.0,0.0,1.0,1,1.5808520813499272,0.5500734093080725
-0.8271043056395267,-0.6914043378793985,0.7739047459340723,-0.862197089363886,0.1755400366178892,0.0,0.0,0.0,0.0,0.0,0.0,1.0,1.0,1,0.08250040805467385,0.499718770754167
1.3167024775617353,-1.5497042380827906,1.620599639396971,1.2652020604615264,0.1755400366178892,1.0,1.0,0.0,1.0,0.0,0.0,1.0,1.0,0,0.07089540131418048,0.6311387275948526
-0.8271043056395267,-0.1031351722159907,-1.1028368386382617,-0.3068745461379132,0.1755400366178892,0.0,0.0,0.0,0.0,0.0,1.0,0.0,1.0,1,-1.2059720108542524,0.5494376441853829
1.3167024775617353,-0.9290666272577016,0.6936856572275871,-0.0675680617736447,0.1755400366178892,1.0,1.0,1.0,0.0,1.0,0.0,0.0,0.0,0,-0.2353809700301145,0.5495890302590662
-0.8271043056395267,0.0899024355604523,-1.1028368386382617,0.3565080978065952,0.1755400366178892,0.0,0.0,1.0,0.0,1.0,0.0,0.0,1.0,1,-1.0129344030778094,0.546621238116306
-0.8271043056395267,0.7664191212360839,-1.1028368386382617,-0.1499854163908197,0.1755400366178892,1.0,0.0,0.0,0.0,0.0,0.0,1.0,1.0,0,-0.33641771740217774,0.5503264226221037
-0.8271043056395267,-0.4125700103578072,0.8813568172622952,0.3565080978065952,0.1755400366178892,0.0,1.0,0.0,0.0,0.0,1.0,0.0,1.0,1,0.468786806904488,0.5517878074146978
-0.8271043056395267,-0.3814119600067259,0.9398079342080352,-0.3250427419068526,0.1755400366178892,1.0,0.0,0.0,0.0,0.0,0.0,1.0,1.0,1,0.5583959742013094,0.5455523686294182
1.3167024775617353,0.0675225416776727,0.9965939981896692,0.0580281789394147,-2.3128794500174443,1.0,1.0,1.0,0.0,0.0,0.0,1.0,1.0,1,1.064116539867342,0.5482366149034891
-0.8271043056395267,-0.9119014994918576,0.8995966310282062,0.1032911020303972,0.1755400366178892,1.0,1.0,0.0,0.0,0.0,0.0,1.0,1.0,1,-0.01230486846365142,0.5092698079019844
-0.8271043056395267,-0.1380073547601506,0.7817065719116859,0.0883093485270123,0.1755400366178892,0.0,0.0,0.0,0.0,1.0,0.0,0.0,1.0,1,0.6436992171515353,0.54889299423854
1.5222778302128526,-0.3305977246629377,0.8645877927705932,0.0117888034744957,0.1755400366178892,1.0,1.0,1.0,1.0,0.0,1.0,0.0,1.0,1,0.5339900681076555,0.5483583688331213
0.8542591221141067,1.6870913877040057,1.406405074256018,2.0644379631613963,0.1755400366178892,1.0,1.0,0.0,0.0,0.0,1.0,0.0,1.0,0,3.0934964619600236,0.5513552200128424
1.3167024775617353,-1.2785271444707569,0.8188678418345627,-0.5765880256689523,0.1755400366178892,1.0,1.0,1.0,1.0,0.0,1.0,0.0,1.0,1,-0.45965930263619414,0.5540815973334624
-0.8271043056395267,-0.3774396063420672,-1.1028368386382617,-2.8328632801207347,0.1755400366178892,0.0,0.0,0.0,0.0,0.0,0.0,1.0,1.0,1,-1.480276444980329,0.5571438737396148
1.3167024775617353,-0.2861495115892126,-1.1028368386382617,0.1329444333525561,0.1755400366178892,0.0,0.0,0.0,0.0,0.0,0.0,1.0,1.0,0,-1.3889863502274742,0.547811312758347
-0.8271043056395267,0.5316069779088297,-1.1028368386382617,0.0427256688923862,0.1755400366178892,1.0,0.0,1.0,1.0,0.0,1.0,0.0,1.0,1,-0.5712298607294319,0.5479084598109969
1.3167024775617353,0.2126171926044078,0.7245895819624955,0.3027550388708547,0.1755400366178892,1.0,1.0,0.0,0.0,0.0,1.0,0.0,1.0,1,0.9372067745669033,0.5497561399550949
-0.8271043056395267,-0.4945732892664959,0.9836643793333828,-0.1499854163908197,0.1755400366178892,1.0,1.0,1.0,0.0,0.0,0.0,1.0,0.0,0,0.4890910900668869,0.5468315995184765
-0.8271043056395267,-0.4171487268196018,0.974945394436721,-0.7477164292824243,0.1755400366178892,1.0,0.0,0.0,0.0,1.0,0.0,0.0,1.0,1,0.5577966676171192,0.5420301958016221
1.3167024775617353,-0.5700745625914502,0.8183625927977208,0.0427256688923862,0.1755400366178892,1.0,1.0,0.0,0.0,0.0,1.0,0.0,0.0,0,0.24828803020627066,0.5490550380356354
-0.8271043056395267,0.3991733609656303,-1.1028368386382617,0.1032911020303972,0.1755400366178892,1.0,0.0,0.0,0.0,0.0,0.0,1.0,1.0,1,-0.7036634776726314,0.5475740933531469
-0.8271043056395267,-0.0619010052696,0.7940753909056142,0.2891047478536559,0.1755400366178892,1.0,1.0,0.0,0.0,1.0,0.0,0.0,0.0,0,0.7321743856360142,0.5500896865687315
1.5222778302128526,3.185372703253656,-1.1028368386382617,3.234611110001419,-2.3128794500174443,1.0,1.0,0.0,0.0,0.0,1.0,0.0,0.0,1,2.0825358646153944,0.5477083472366711
-0.8271043056395267,-0.0953637042550668,0.7767803286756234,-0.1499854163908197,0.1755400366178892,1.0,0.0,0.0,0.0,1.0,0.0,0.0,1.0,1,0.6814166244205566,0.5472335814842821
1.3167024775617353,0.947964308666338,-1.1028368386382617,0.7331829242703751,0.1755400366178892,1.0,1.0,1.0,0.0,1.0,0.0,0.0,1.0,1,-0.1548725299719237,0.5262690880415845
-0.8271043056395267,-1.062061821990991,0.7672932124085975,-0.5972350422305313,0.1755400366178892,1.0,1.0,0.0,0.0,0.0,1.0,0.0,1.0,1,-0.2947686095823935,0.5576657824075246
-0.8271043056395267,0.0306642444067488,-1.1028368386382617,-0.2357153515680501,-2.3128794500174443,1.0,1.0,1.0,0.0,0.0,1.0,0.0,1.0,1,-1.0721725942315128,0.5481783425505896
-0.8271043056395267,-0.3729836094268707,0.731226101907784,0.1329444333525561,0.1755400366178892,1.0,1.0,0.0,0.0,0.0,1.0,0.0,1.0,1,0.35824249248091333,0.5499793559832628
-0.8271043056395267,2.3463431980511253,1.2345714369577363,2.7489668321284904,0.1755400366178892,1.0,1.0,0.0,0.0,0.0,0.0,1.0,1.0,1,3.5809146350088614,0.5518211574563955
1.5222778302128526,1.2380441238509117,-1.1028368386382617,1.686123907035602,0.1755400366178892,1.0,0.0,0.0,1.0,0.0,1.0,0.0,1.0,1,0.13520728521265002,0.6061736903029717
-0.8271043056395267,-1.2313147355876373,0.777542972666056,-0.5158305579751992,0.1755400366178892,0.0,1.0,1.0,0.0,0.0,1.0,0.0,1.0,1,-0.4537717629215813,0.5535353352039308
1.3167024775617353,0.1709738235144153,0.8521669790391802,0.4347082487371803,0.1755400366178892,1.0,1.0,0.0,1.0,0.0,1.0,0.0,1.0,1,1.0231408025535955,0.5502291023737985
-0.8271043056395267,-0.4059815409338334,-1.1028368386382617,-1.1929134240013874,0.1755400366178892,0.0,0.0,0.0,0.0,0.0,0.0,1.0,0.0,0,-1.508818379572095,0.5519277721280926
-0.8271043056395267,-0.4537813355482453,0.8709918557604351,0.1032911020303972,0.1755400366178892,1.0,1.0,0.0,0.0,0.0,1.0,0.0,0.0,0,0.41721052021218985,0.549405659083493
-0.8271043056395267,-0.6383537294100567,-1.1028368386382617,-1.3652557708251365,-1.026086682611871,1.0,0.0,1.0,0.0,1.0,0.0,0.0,1.0,0,-1.7411905680483184,0.5476328441532927
-0.8271043056395267,-1.1196810430052333,0.8708476459807217,0.0732222175168208,0.1755400366178892,1.0,0.0,0.0,0.0,0.0,1.0,0.0,1.0,1,-0.24883339702451157,0.546889186890798
-0.8271043056395267,0.0224253415369648,-1.1028368386382617,-2.1155603882768905,0.1755400366178892,0.0,0.0,0.0,0.0,0.0,1.0,0.0,1.0,1,-1.0804114971012968,0.5573499277643013
0.8542591221141067,-0.2095148012973428,-1.1028368386382617,-0.5158305579751992,-1.8284042739782391,1.0,0.0,1.0,0.0,0.0,0.0,1.0,1.0,1,-1.3123516399356046,0.5480805763609264
-0.8271043056395267,-0.4918897507097987,0.8678049678308783,0.3431948900742353,0.1755400366178892,1.0,1.0,0.0,0.0,1.0,0.0,0.0,1.0,1,0.37591521712107967,0.5524959160138396
-0.8271043056395267,2.0119051058369584,-1.1028368386382617,0.8099001008599278,0.1755400366178892,1.0,0.0,0.0,1.0,0.0,0.0,1.0,0.0,0,0.9090682671986967,0.5523935274560873
-0.8271043056395267,-0.1574692792999011,-1.1028368386382617,-2.203734723210406,-2.3128794500174443,1.0,1.0,0.0,0.0,1.0,0.0,0.0,1.0,1,-1.2603061179381627,0.547639483778223
-0.8271043056395267,-0.9119014994918576,0.7522260656078391,-0.618085963925903,0.1755400366178892,1.0,1.0,1.0,0.0,0.0,0.0,1.0,1.0,1,-0.1596754338840185,0.5662335248788554
-0.8271043056395267,-0.592868483890569,0.815824867049011,-0.0514593974818309,0.1755400366178892,1.0,0.0,0.0,0.0,1.0,0.0,0.0,1.0,1,0.22295638315844202,0.5471839032711452
-0.8271043056395267,0.3053306465767048,-1.1028368386382617,0.0427256688923862,0.1755400366178892,0.0,0.0,0.0,0.0,1.0,0.0,0.0,1.0,1,-0.7975061920615569,0.5480070210373451
0.8542591221141067,-0.3339627710633353,0.5965886025972575,-0.4182912163761708,-2.628629099317595,0.0,1.0,0.0,0.0,0.0,1.0,0.0,1.0,1,0.26262583153392227,0.5487498189243815
-0.8271043056395267,-2.3346408740012543,0.9437906661362364,-0.2888603256310467,0.1755400366178892,1.0,1.0,0.0,0.0,1.0,0.0,0.0,1.0,1,-1.390850207865018,0.5492203997959965
1.3167024775617353,-0.4611141408555401,1.3014301410735851,0.8943940524136059,0.1755400366178892,1.0,1.0,0.0,0.0,0.0,0.0,1.0,1.0,1,0.840316000218045,0.5531990499046696
0.8542591221141067,-0.4721826031341544,0.6331705174742129,-0.5158305579751992,0.1755400366178892,1.0,1.0,0.0,0.0,0.0,0.0,1.0,1.0,1,0.16098791434005855,0.5333746743580785
0.8542591221141067,-0.2612184197884777,-1.1028368386382617,0.3697396818507987,-2.6614219605771594,0.0,0.0,0.0,0.0,0.0,1.0,0.0,1.0,0,-1.3640552584267394,0.5483388695760515
-0.8271043056395267,-0.5069811098757027,-1.1028368386382617,-0.7701191304941116,0.1755400366178892,1.0,0.0,0.0,0.0,0.0,1.0,0.0,0.0,0,-1.6098179485139643,0.5504776329474234
-0.8271043056395267,-0.953723121139171,0.8497191856894085,-0.1499854163908197,0.1755400366178892,1.0,1.0,0.0,0.0,0.0,0.0,1.0,1.0,1,-0.1040039354497625,0.5549534848780252
-0.8271043056395267,-0.3186429157809115,-1.1028368386382617,-0.9585018476402082,-2.6614219605771594,1.0,0.0,1.0,0.0,0.0,1.0,0.0,1.0,0,-1.421479754419173,0.5480492808018405
-0.8271043056395267,1.2327954179899605,-1.1028368386382617,-1.0854692762036438,-2.3128794500174443,1.0,1.0,0.0,0.0,0.0,0.0,1.0,1.0,1,0.12995857935169886,0.5511999793280989
-0.8271043056395267,0.3053306465767048,0.9156467876590294,0.3163194295117624,4.104711360090853,0.0,0.0,0.0,0.0,1.0,0.0,0.0,1.0,0,1.2209774342357342,0.5483072926515293
0.8542591221141067,-0.6300861060898554,0.7575271997237666,0.7882551565911518,0.1755400366178892,1.0,0.0,1.0,1.0,0.0,1.0,0.0,1.0,0,0.1274410936339112,0.5769821833497185
1.5222778302128526,0.0838011364249378,0.8079204909393568,0.4347082487371803,0.1755400366178892,1.0,1.0,0.0,0.0,0.0,0.0,1.0,0.0,1,0.8917216273642946,0.5505199161519391
-0.8271043056395267,-0.7331041719781474,0.7911630558416858,-0.535889650237985,-1.026086682611871,0.0,0.0,0.0,1.0,0.0,1.0,0.0,1.0,0,0.05805888386353841,0.5555895155970452
0.8542591221141067,2.2570549770272854,-1.1028368386382617,3.234611110001419,0.1755400366178892,0.0,1.0,0.0,1.0,0.0,1.0,0.0,1.0,1,1.1542181383890238,0.5612712285192893
-0.8271043056395267,-0.7438730542816341,0.8570099560275386,-0.1499854163908197,0.1755400366178892,1.0,1.0,0.0,0.0,0.0,0.0,1.0,1.0,1,0.11313690174590452,0.5420988557453778
1.3167024775617353,-0.7438730542816341,0.8878663999268087,-0.0675680617736447,0.1755400366178892,1.0,1.0,0.0,0.0,1.0,0.0,0.0,1.0,1,0.14399334564517463,0.5460765112751409
1.3167024775617353,1.0699780365514115,-1.1028368386382617,1.325607774866162,0.1755400366178892,1.0,1.0,0.0,0.0,0.0,1.0,0.0,1.0,1,-0.0328588020868501,0.36089173699017335
-0.8271043056395267,-0.1430590121573986,-1.1028368386382617,-0.2709974300213708,4.104711360090853,1.0,0.0,0.0,0.0,0.0,0.0,1.0,1.0,0,-1.2458958507956603,0.5482990384122323
-0.8271043056395267,-0.2694811822499776,-1.1028368386382617,-0.1166357595018382,0.1755400366178892,0.0,0.0,0.0,1.0,0.0,0.0,1.0,1.0,1,-1.3723180208882393,0.5486505666855458
-0.8271043056395267,-0.1430590121573986,-1.1028368386382617,-0.5158305579751992,0.1755400366178892,1.0,0.0,0.0,0.0,0.0,0.0,1.0,1.0,1,-1.2458958507956603,0.550178700005888
-0.8271043056395267,-0.4632159858709771,-1.1028368386382617,-1.1929134240013874,4.104711360090853,1.0,0.0,0.0,0.0,0.0,0.0,1.0,1.0,0,-1.5660528245092387,0.5484071298976445
1.5222778302128526,-0.7037301848303873,0.7665066667771046,0.5950263477159674,0.1755400366178892,1.0,1.0,1.0,0.0,1.0,0.0,0.0,1.0,0,0.06277648194671726,0.5922770784120464
1.5222778302128526,-0.4558726803981351,-1.1028368386382617,1.400918260585925,0.1755400366178892,0.0,0.0,0.0,0.0,1.0,0.0,0.0,1.0,1,-1.5587095190363969,0.5440816615905593
-0.8271043056395267,0.9466206295081464,-1.1028368386382617,-0.43744307300139,0.1755400366178892,1.0,1.0,1.0,0.0,0.0,0.0,1.0,0.0,0,-0.15621620913011525,0.5612610810659462
-0.8271043056395267,-0.3739726543079362,-1.1028368386382617,-0.9585018476402082,0.1755400366178892,0.0,0.0,0.0,0.0,0.0,0.0,1.0,1.0,1,-1.476809492946198,0.5512701719810473
-0.8271043056395267,-0.9997473583821684,0.6601042368953,-0.1499854163908197,0.1755400366178892,1.0,1.0,0.0,0.0,0.0,0.0,1.0,1.0,1,-0.3396431214868685,0.5503067594062772
-0.8271043056395267,0.0877520387317173,0.5318617774103896,-0.7927630705618234,0.1755400366178892,1.0,1.0,1.0,1.0,0.0,1.0,0.0,1.0,0,0.619613816142107,0.5423136625423373
1.3167024775617353,0.165213845560759,-1.1028368386382617,-0.5158305579751992,0.1755400366178892,1.0,1.0,0.0,0.0,0.0,0.0,1.0,1.0,0,-0.9376229930775026,0.5508109013736653
1.3167024775617353,-0.6664514816159053,0.6713358163538501,-0.5765880256689523,0.1755400366178892,1.0,1.0,0.0,0.0,0.0,1.0,0.0,1.0,1,0.0048843347379448065,0.0
1.5222778302128526,0.3847404382137098,0.8014243627876069,0.7553792081419006,0.1755400366178892,1.0,1.0,0.0,1.0,0.0,1.0,0.0,1.0,1,1.1861648010013166,0.5512134614528749
-0.8271043056395267,0.1709738235144153,-1.1028368386382617,-0.2888603256310467,0.1755400366178892,0.0,1.0,0.0,0.0,1.0,0.0,0.0,1.0,0,-0.9318630151238463,0.5496954933015202
0.8542591221141067,1.119958617852908,-1.1028368386382617,0.3027550388708547,0.1755400366178892,0.0,0.0,0.0,1.0,0.0,1.0,0.0,1.0,1,0.017121779214646304,0.6303789779053125
-0.8271043056395267,-0.5026534504990076,-1.1028368386382617,-1.520692184334421,0.1755400366178892,0.0,0.0,0.0,0.0,0.0,0.0,1.0,1.0,1,-1.6054902891372693,0.5526548644787875
-0.8271043056395267,0.3405190456291823,0.7385895952462954,0.49778127928311,0.1755400366178892,1.0,1.0,0.0,0.0,0.0,0.0,1.0,0.0,0,1.0791086408754778,0.5503982165369933
0.8542591221141067,-0.1849926139660813,-1.1028368386382617,-0.618085963925903,0.1755400366178892,0.0,0.0,0.0,0.0,0.0,1.0,0.0,1.0,1,-1.287829452604343,0.5504848548789828
-0.8271043056395267,0.9307789359169576,0.6272035695180025,0.6186712265946805,0.1755400366178892,1.0,1.0,0.0,0.0,0.0,1.0,0.0,1.0,1,1.55798250543496,0.5501000893975773
1.5222778302128526,-0.2847531361073022,0.6924558783469742,-0.0196016061234886,0.1755400366178892,1.0,1.0,0.0,0.0,0.0,1.0,0.0,0.0,0,0.407702742239672,0.548032545855554
0.8542591221141067,1.404983807313151,1.0508000168259175,0.4347082487371803,-2.3128794500174443,1.0,1.0,0.0,1.0,0.0,0.0,1.0,0.0,0,2.4557838241390684,0.5481934411848034
-0.8271043056395267,0.0838011364249378,0.9040731950312638,-0.3250427419068526,0.1755400366178892,1.0,1.0,0.0,0.0,0.0,0.0,1.0,1.0,0,0.9878743314562016,0.5467277013892224
-0.8271043056395267,-0.2713237741983697,-1.1028368386382617,-3.167088111288044,-2.56042930004175,1.0,1.0,0.0,1.0,0.0,1.0,0.0,1.0,1,-1.3741606128366315,0.5475219837274988
0.8542591221141067,0.1020266455419354,0.8047759640006967,-0.2010084339149539,0.1755400366178892,1.0,0.0,0.0,0.0,0.0,0.0,1.0,1.0,1,0.9068026095426321,0.547226340979397
1.5222778302128526,0.0649734153055263,-1.1028368386382617,-0.5158305579751992,0.1755400366178892,1.0,1.0,0.0,0.0,0.0,0.0,1.0,1.0,1,-1.0378634233327353,0.5505641244206697
-0.8271043056395267,-1.1889196051727875,0.623265188917655,-1.871835361163309,0.1755400366178892,1.0,1.0,0.0,0.0,0.0,1.0,0.0,1.0,1,-0.5656544162551325,0.5636246216078798
-0.8271043056395267,0.5370746986152396,-1.1028368386382617,0.2195247189261018,0.1755400366178892,1.0,1.0,0.0,0.0,0.0,0.0,1.0,1.0,1,-0.565762140023022,0.5464537628226745
0.8542591221141067,0.0657022052186278,0.9692604163940796,0.5831065876015746,-2.628629099317595,1.0,1.0,0.0,0.0,1.0,0.0,0.0,1.0,0,1.0349626216127072,0.5480810964317703
-0.8271043056395267,-0.3918911643253566,0.9763256378916372,0.5831065876015746,0.1755400366178892,1.0,1.0,0.0,0.0,0.0,0.0,1.0,1.0,1,0.5844344735662805,0.5528896144049463
-0.8271043056395267,0.0224253415369648,1.2612652047922428,0.7219993277935018,0.1755400366178892,1.0,0.0,0.0,0.0,0.0,0.0,1.0,1.0,1,1.2836905463292076,0.5508679952277417
0.8542591221141067,0.4040465282472016,0.6617326494563567,0.7443093525159628,0.1755400366178892,1.0,1.0,1.0,0.0,0.0,0.0,1.0,1.0,1,1.0657791777035583,0.5514993024911121
1.5222778302128526,0.8345076365019575,-1.1028368386382617,-0.0675680617736447,-2.6512317094016966,1.0,1.0,1.0,1.0,0.0,0.0,1.0,1.0,1,-0.2683292021363042,0.5481784039678477
-0.8271043056395267,0.8432487026433347,-1.1028368386382617,0.1329444333525561,0.1755400366178892,0.0,1.0,1.0,1.0,1.0,0.0,0.0,1.0,1,-0.2595881359949269,0.5458773081661574
-0.8271043056395267,-0.1084768908632987,-1.1028368386382617,-0.3250427419068526,0.1755400366178892,1.0,0.0,1.0,0.0,1.0,0.0,0.0,1.0,1,-1.2113137295015604,0.549502091744265
-0.8271043056395267,2.3357049042527174,-1.1028368386382617,-0.1499854163908197,0.1755400366178892,1.0,1.0,0.0,0.0,1.0,0.0,0.0,1.0,0,1.2328680656144557,0.5476908276220596
-0.8271043056395267,-0.3959031257592563,0.877277082533662,-0.0514593974818309,-2.3128794500174443,1.0,0.0,1.0,0.0,0.0,0.0,1.0,0.0,0,0.4813739567744057,0.5482935183048722
-0.8271043056395267,0.5828168730868364,-1.1028368386382617,0.1766705098671696,0.1755400366178892,1.0,0.0,0.0,0.0,0.0,0.0,1.0,1.0,1,-0.5200199655514253,0.5466779817219001
0.8542591221141067,2.04639995947136,0.8767104897336425,-0.8156536332977555,0.1755400366178892,1.0,1.0,0.0,1.0,0.0,1.0,0.0,1.0,1,2.923110449205003,0.5469599006102733
0.8542591221141067,-0.7910199596762022,0.8365683457809528,0.1621938112484188,-2.3128794500174443,1.0,1.0,1.0,0.0,0.0,0.0,1.0,1.0,0,0.04554838610475065,0.5470006523763618
-0.8271043056395267,-0.7975958317708118,-1.1028368386382617,-0.5972350422305313,4.104711360090853,1.0,0.0,0.0,0.0,0.0,1.0,0.0,1.0,0,-1.9004326704090735,0.5483182547279668
-0.8271043056395267,0.1709738235144153,1.177054932826804,1.400918260585925,0.1755400366178892,1.0,1.0,0.0,0.0,0.0,1.0,0.0,1.0,1,1.3480287563412194,0.5530823856197301
1.3167024775617353,1.2327954179899605,1.2914035913970543,2.246164565080922,-1.026086682611871,1.0,1.0,0.0,1.0,1.0,0.0,0.0,1.0,1,2.524199009387015,0.5475488143820115
-0.8271043056395267,-0.0511822689365628,0.9143800471526357,-1.6887821909975231,0.1755400366178892,1.0,0.0,1.0,0.0,1.0,0.0,0.0,1.0,1,0.8631977782160729,0.5391695510221931
-0.8271043056395267,-0.1527913010480512,0.8016016027291393,0.0273130886217686,0.1755400366178892,1.0,1.0,0.0,0.0,0.0,1.0,0.0,1.0,1,0.6488103016810881,0.5484513500156311
-0.8271043056395267,-0.7975958317708118,-1.1028368386382617,-1.3062054064236015,0.1755400366178892,0.0,0.0,0.0,0.0,0.0,0.0,1.0,1.0,1,-1.9004326704090735,0.5514479776990691
0.8542591221141067,-0.1570433788518934,0.961052023217619,0.3163194295117624,0.1755400366178892,1.0,1.0,0.0,0.0,0.0,1.0,0.0,1.0,0,0.8040086443657255,0.5500830457461577
0.8542591221141067,-0.980276153942492,0.9134905242409536,-0.0196016061234886,0.1755400366178892,1.0,1.0,1.0,0.0,0.0,0.0,1.0,1.0,1,-0.06678562970153845,0.5496189492816066
-0.8271043056395267,0.5391519282972674,-1.1028368386382617,0.1329444333525561,0.1755400366178892,1.0,1.0,0.0,0.0,1.0,0.0,0.0,1.0,1,-0.5636849103409942,0.5471604769521451
-0.8271043056395267,-0.5189482930721409,1.1815759804128512,0.3697396818507987,-2.6512317094016966,1.0,0.0,0.0,0.0,0.0,0.0,1.0,1.0,1,0.6626276873407103,0.548084252291524
1.3167024775617353,-0.0389740031653214,0.754275009477503,0.53476138846114,0.1755400366178892,1.0,1.0,0.0,0.0,0.0,0.0,1.0,1.0,1,0.7153010063121816,0.5517279531485261
1.3167024775617353,0.3053306465767048,1.0347873714941809,1.2387981750897197,0.1755400366178892,1.0,1.0,0.0,0.0,0.0,1.0,0.0,1.0,1,1.3401180180708856,0.5525490313984811
-0.8271043056395267,-0.8410575897276248,-1.1028368386382617,-1.0854692762036438,0.1755400366178892,1.0,0.0,0.0,0.0,0.0,0.0,1.0,1.0,0,-1.9438944283658866,0.550849227347024
1.3167024775617353,-0.4470050151587614,0.7274818200155008,-0.2709974300213708,0.1755400366178892,1.0,1.0,0.0,0.0,0.0,0.0,1.0,1.0,1,0.28047680485673937,0.5437684729317221
-0.8271043056395267,-1.101036997289608,0.985113613362572,-0.0196016061234886,0.1755400366178892,1.0,1.0,0.0,0.0,0.0,1.0,0.0,1.0,1,-0.11592338392703594,0.5490411513917902
1.3167024775617353,0.7332959157510066,-1.1028368386382617,-0.1499854163908197,0.1755400366178892,1.0,1.0,0.0,1.0,1.0,0.0,0.0,0.0,0,-0.36954092288725504,0.5501408289956433
0.8542591221141067,-1.2740107603769306,-1.1028368386382617,-1.488656710771183,0.1755400366178892,1.0,1.0,0.0,0.0,1.0,0.0,0.0,1.0,0,-2.3768475990151923,0.5511646530429409
-0.8271043056395267,0.2263366904860566,-1.1028368386382617,-0.6391449602446815,0.1755400366178892,1.0,0.0,0.0,0.0,0.0,1.0,0.0,1.0,1,-0.876500148152205,0.5516424877550271
-0.8271043056395267,2.162910540897332,-1.1028368386382617,-0.0675680617736447,0.1755400366178892,0.0,0.0,1.0,1.0,0.0,0.0,1.0,1.0,1,1.0600737022590703,0.5479598117383241
-0.8271043056395267,-0.0044943472934544,1.0145106180479204,0.3163194295117624,0.1755400366178892,1.0,0.0,0.0,0.0,1.0,0.0,0.0,1.0,1,1.010016270754466,0.5497103596905426
1.3167024775617353,0.3610358063855039,-1.1028368386382617,0.3697396818507987,0.1755400366178892,1.0,1.0,0.0,0.0,0.0,1.0,0.0,1.0,1,-0.7418010322527577,0.5459409396694347
-0.8271043056395267,-0.5689440537361993,0.7971421654679766,-0.4182912163761708,0.1755400366178892,1.0,1.0,1.0,0.0,0.0,1.0,0.0,1.0,1,0.2281981117317773,0.5397426970276535
0.8542591221141067,1.732054662959312,-1.1028368386382617,-2.2959084950335447,0.1755400366178892,0.0,0.0,0.0,0.0,0.0,0.0,1.0,1.0,1,0.6292178243210504,0.5313094691822833
-0.8271043056395267,-0.5398509966618992,0.8980025128787907,-0.3068745461379132,0.1755400366178892,1.0,0.0,1.0,0.0,0.0,1.0,0.0,1.0,1,0.35815151621689156,0.5442764409836767
1.5222778302128526,-0.2987777892827594,0.9104230116613856,-0.1001543009834323,0.1755400366178892,1.0,1.0,0.0,0.0,1.0,0.0,0.0,0.0,0,0.6116452223786262,0.5474953475364372
1.3167024775617353,0.6442475824934161,1.1787868126106298,0.7663930774271385,-2.3128794500174443,1.0,1.0,0.0,0.0,0.0,1.0,0.0,1.0,1,1.8230343951040457,0.5481076522269693
-0.8271043056395267,-0.6604285001933331,-1.1028368386382617,-1.220663132451632,0.1755400366178892,1.0,0.0,0.0,0.0,0.0,1.0,0.0,1.0,1,-1.7632653388315949,0.5514709866619243
-0.8271043056395267,-0.2959619855689712,1.0962232267390526,-0.1001543009834323,0.1755400366178892,1.0,1.0,1.0,0.0,0.0,1.0,0.0,1.0,1,0.8002612411700813,0.5476745895737717
0.8542591221141067,-0.0912903372003407,-1.1028368386382617,-1.3062054064236015,0.1755400366178892,1.0,1.0,0.0,0.0,0.0,0.0,1.0,1.0,0,-1.1941271758386023,0.5533360736317409
1.3167024775617353,-0.4558726803981351,0.8648815304076692,-0.0514593974818309,0.1755400366178892,1.0,1.0,1.0,0.0,0.0,0.0,1.0,1.0,1,0.40900885000953413,0.5476715109974968
0.8542591221141067,1.0249363058891288,0.8767104897336425,0.676681009347116,0.1755400366178892,1.0,1.0,0.0,0.0,0.0,0.0,1.0,1.0,1,1.9016467956227712,0.5499084727453112
-0.8271043056395267,-1.0636332608630843,1.2345204157980365,-1.220663132451632,-2.3128794500174443,1.0,1.0,0.0,0.0,0.0,1.0,0.0,1.0,0,0.1708871549349522,0.5507737030625283
-0.8271043056395267,-0.2525475003203737,-1.1028368386382617,-0.934007574216674,-1.026086682611871,1.0,0.0,0.0,0.0,0.0,1.0,0.0,1.0,1,-1.3553843389586353,0.5477083128241113
1.3167024775617353,-1.1753263500589886,0.7739047459340723,-0.2709974300213708,-2.3128794500174443,1.0,1.0,1.0,0.0,0.0,1.0,0.0,1.0,1,-0.40142160412491623,0.548017873106473
1.3167024775617353,1.0699780365514115,0.986865272629014,0.49778127928311,0.1755400366178892,1.0,1.0,0.0,0.0,1.0,0.0,0.0,1.0,1,2.0568433091804255,0.5493798215322103
1.3167024775617353,0.6138774115194225,0.7739047459340723,0.7553792081419006,4.104711360090853,1.0,1.0,1.0,0.0,0.0,1.0,0.0,1.0,0,1.3877821574534948,0.5483639454169849
1.3167024775617353,-0.5610546576926794,-1.1028368386382617,-2.0728649862524557,-2.3128794500174443,1.0,1.0,1.0,0.0,0.0,0.0,1.0,0.0,0,-1.663891496330941,0.5478167076412372
-0.8271043056395267,-0.1784944392524079,0.7402985847397701,0.2195247189261018,0.1755400366178892,0.0,1.0,0.0,0.0,0.0,1.0,0.0,1.0,1,0.5618041454873621,0.5500706066381469
-0.8271043056395267,-1.3291004536573097,0.800536751024085,-0.618085963925903,0.1755400366178892,1.0,1.0,1.0,0.0,1.0,0.0,0.0,1.0,1,-0.5285637026332247,0.5536867718530301
-0.8271043056395267,1.333530363529731,0.7817065719116859,1.1391791541623983,0.1755400366178892,0.0,0.0,0.0,0.0,1.0,0.0,0.0,1.0,0,2.115236935441417,0.5507570808633122
-0.8271043056395267,0.0462615356346376,-1.1028368386382617,-0.2888603256310467,0.1755400366178892,0.0,0.0,0.0,0.0,0.0,1.0,0.0,1.0,0,-1.056575303003624,0.5495255642327156
-0.8271043056395267,0.64568848660592,-1.1028368386382617,0.4347082487371803,0.1755400366178892,1.0,1.0,0.0,0.0,0.0,0.0,1.0,1.0,1,-0.4571483520323416,0.5438394837075481
-0.8271043056395267,-1.0573572251765604,-1.1028368386382617,-0.535889650237985,0.1755400366178892,0.0,0.0,0.0,0.0,0.0,1.0,0.0,0.0,0,-2.160194063814822,0.5494079778806368
-0.8271043056395267,-0.2525475003203737,0.7818945952900874,-0.2532832773189677,0.1755400366178892,1.0,1.0,0.0,0.0,0.0,1.0,0.0,1.0,1,0.5293470949697137,0.5460336065770245
1.3167024775617353,0.9317502863215248,-1.1028368386382617,0.7553792081419006,0.1755400366178892,1.0,1.0,0.0,0.0,0.0,0.0,1.0,1.0,1,-0.17108655231673686,0.5277502492806463
-0.8271043056395267,-0.4014376421857621,0.922778872891616,-0.1499854163908197,0.1755400366178892,1.0,0.0,1.0,0.0,1.0,0.0,0.0,1.0,1,0.5213412307058538,0.5469197027598701
0.8542591221141067,1.4367082762793564,-1.1028368386382617,1.82628462168232,0.1755400366178892,1.0,1.0,0.0,0.0,0.0,0.0,1.0,1.0,1,0.3338714376410947,0.5736604308508255
-0.8271043056395267,0.5073934341974874,1.177054932826804,0.7553792081419006,0.1755400366178892,1.0,1.0,0.0,0.0,0.0,1.0,0.0,1.0,1,1.6844483670242916,0.550338554395455
-0.8271043056395267,0.636053578834206,-1.1028368386382617,0.0580281789394147,0.1755400366178892,1.0,0.0,1.0,0.0,1.0,0.0,0.0,1.0,0,-0.46678325980405566,0.5476784767344334
-0.8271043056395267,-0.592868483890569,-1.1028368386382617,-1.1929134240013874,0.1755400366178892,1.0,0.0,0.0,0.0,0.0,0.0,1.0,1.0,1,-1.6957053225288305,0.5515230810765128
-0.8271043056395267,0.3053306465767048,-1.1028368386382617,-0.4567695921192345,0.1755400366178892,0.0,0.0,0.0,0.0,0.0,1.0,0.0,0.0,0,-0.7975061920615569,0.5509158646515796
1.3167024775617353,2.034761290941803,0.6284057931035546,0.3027550388708547,0.1755400366178892,1.0,1.0,0.0,1.0,1.0,0.0,0.0,1.0,1,2.663167084045358,0.5487838150373965
1.3167024775617353,0.2814727045878152,-1.1028368386382617,0.510178269934632,0.1755400366178892,1.0,0.0,0.0,0.0,0.0,1.0,0.0,0.0,1,-0.8213641340504465,0.5453710794523692
-0.8271043056395267,0.99804653952779,-1.1028368386382617,1.5596213525347504,0.1755400366178892,1.0,1.0,0.0,0.0,0.0,0.0,1.0,1.0,0,-0.10479029911047166,0.4791330630271459
-0.8271043056395267,-0.7174076089291881,1.2126444987659413,0.7553792081419006,0.1755400366178892,1.0,1.0,0.0,0.0,1.0,0.0,0.0,1.0,1,0.4952368898367532,0.5553397805388214
-0.8271043056395267,2.0009516097712083,-1.1028368386382617,1.4416738816433834,0.1755400366178892,1.0,1.0,0.0,1.0,0.0,0.0,1.0,1.0,1,0.8981147711329467,0.5557110188922464
-0.8271043056395267,-0.9140364825521458,1.1013712735162624,-0.5158305579751992,0.1755400366178892,0.0,1.0,0.0,0.0,0.0,1.0,0.0,1.0,1,0.18733479096411665,0.5354675699093445
1.5222778302128526,0.3800900075427906,-1.1028368386382617,-0.6391449602446815,0.1755400366178892,1.0,1.0,0.0,0.0,0.0,0.0,1.0,1.0,0,-0.722746831095471,0.5523629458701557
0.8542591221141067,-0.4340611350028828,0.92091639035402,0.5590687393040075,0.1755400366178892,1.0,1.0,0.0,0.0,0.0,1.0,0.0,1.0,0,0.48685525535113716,0.5535890434341617
1.3167024775617353,0.7482905870306497,0.7971421654679766,1.1850207212669668,-1.026086682611871,1.0,1.0,0.0,0.0,0.0,1.0,0.0,1.0,1,1.5454327524986262,0.5476465931122666
-0.8271043056395267,1.8913084440476355,-1.1028368386382617,-0.5972350422305313,0.1755400366178892,1.0,1.0,0.0,0.0,0.0,1.0,0.0,1.0,1,0.7884716054093739,0.5447379465231644
0.8542591221141067,1.12701866430935,1.1363915887619058,2.223525266630264,0.1755400366178892,1.0,1.0,0.0,1.0,1.0,0.0,0.0,0.0,0,2.263410253071256,0.552818326045549
0.8542591221141067,0.786689650164502,-1.1028368386382617,0.8943940524136059,0.1755400366178892,1.0,1.0,0.0,0.0,0.0,1.0,0.0,1.0,1,-0.31614718847375967,0.5351168267825142
0.8542591221141067,-0.6413176684064851,0.8132677861651926,-0.2357153515680501,0.1755400366178892,1.0,1.0,0.0,0.0,0.0,1.0,0.0,1.0,1,0.1719501177587075,0.5418892237383356
-0.8271043056395267,-0.2903467278733564,-1.1028368386382617,-0.0354711893716641,0.1755400366178892,1.0,0.0,0.0,0.0,0.0,1.0,0.0,1.0,0,-1.3931835665116181,0.5483740838825696
1.3167024775617353,-0.3153131253027257,0.8258626021806353,-0.2888603256310467,0.1755400366178892,1.0,1.0,1.0,0.0,1.0,0.0,0.0,0.0,0,0.5105494768779096,0.5456281528555577
-0.8271043056395267,-1.2498486000619913,0.8926342041980784,-0.1499854163908197,0.1755400366178892,0.0,0.0,1.0,0.0,0.0,0.0,1.0,1.0,1,-0.3572143958639129,0.5502058751069857
0.8542591221141067,1.309395003814111,0.8117241197788808,0.6994581998308899,-2.3128794500174443,1.0,1.0,0.0,1.0,0.0,0.0,1.0,1.0,1,2.1211191235929916,0.5481396001734846
-0.8271043056395267,0.1311942549046432,-1.1028368386382617,-0.1499854163908197,0.1755400366178892,1.0,1.0,1.0,0.0,1.0,0.0,0.0,1.0,1,-0.9716425837336184,0.5489727483073991
-0.8271043056395267,-0.8767569550342718,1.0036174758726546,0.5831065876015746,0.1755400366178892,1.0,1.0,0.0,0.0,0.0,1.0,0.0,1.0,1,0.12686052083838284,0.5696032139195865
0.8542591221141067,-0.2525475003203737,0.6484712404889585,0.0883093485270123,0.1755400366178892,1.0,1.0,1.0,0.0,0.0,0.0,1.0,1.0,1,0.39592374016858484,0.549291737670178
0.8542591221141067,-0.7331041719781474,0.9104230116613856,-0.7255497588537938,0.1755400366178892,1.0,1.0,1.0,0.0,0.0,1.0,0.0,1.0,1,0.17731883968323825,0.5292522584229499
0.8542591221141067,-0.2987777892827594,0.9104230116613856,0.5950263477159674,0.1755400366178892,1.0,1.0,0.0,0.0,0.0,1.0,0.0,1.0,1,0.6116452223786262,0.5527739766832499
0.8542591221141067,0.0224253415369648,1.0070281245447943,0.904729537752294,0.1755400366178892,1.0,1.0,0.0,0.0,0.0,0.0,1.0,1.0,0,1.0294534660817591,0.5523374807060046
0.8542591221141067,0.6798207854734714,1.2631560257658845,0.676681009347116,0.1755400366178892,1.0,1.0,0.0,0.0,0.0,0.0,1.0,0.0,0,1.942976811239356,0.5498733187128685
0.8542591221141067,-0.2992476218270065,0.7767803286756234,-0.3068745461379132,-2.3128794500174443,1.0,1.0,1.0,0.0,0.0,0.0,1.0,1.0,1,0.47753270684861693,0.548482355456369
1.3167024775617353,-0.2480046524113052,1.0961480625379916,1.2999220359825976,0.1755400366178892,1.0,1.0,0.0,0.0,1.0,0.0,0.0,1.0,1,0.8481434101266864,0.5553740514162365
-0.8271043056395267,-0.1681579999333623,-1.1028368386382617,-0.3250427419068526,0.1755400366178892,1.0,0.0,1.0,0.0,1.0,0.0,0.0,1.0,1,-1.2709948385716239,0.5494435723265454
-0.8271043056395267,1.1410263870593425,1.0769147542037931,1.798949145745519,0.1755400366178892,1.0,0.0,0.0,0.0,1.0,0.0,0.0,1.0,0,2.2179411412631356,0.5520228048201116
-0.8271043056395267,-0.1815232712315777,1.1417852086678453,0.7553792081419006,0.1755400366178892,1.0,0.0,0.0,0.0,0.0,1.0,0.0,1.0,1,0.9602619374362675,0.5519092464827032
-0.8271043056395267,0.7030298852716509,-1.1028368386382617,-0.4182912163761708,0.1755400366178892,1.0,0.0,0.0,0.0,1.0,0.0,0.0,0.0,0,-0.39980695336661076,0.5531148878947217
1.3167024775617353,-0.7975958317708118,0.8129253632521255,-0.3433676341234293,0.1755400366178892,1.0,1.0,0.0,0.0,0.0,0.0,1.0,1.0,1,0.015329531481313663,0.4442270486632561
1.3167024775617353,1.149129334555938,-1.1028368386382617,1.4254616936791122,0.1755400366178892,1.0,1.0,0.0,0.0,0.0,0.0,1.0,0.0,0,0.04629249591767626,0.6912663676914309
0.8542591221141067,1.064189072241633,-1.1028368386382617,0.3297990201723457,-1.026086682611871,1.0,1.0,0.0,0.0,0.0,1.0,0.0,0.0,0,-0.0386477663966287,0.5550360001837625
0.8542591221141067,-0.6840575812269988,0.7050255234121201,-0.6391449602446815,0.1755400366178892,1.0,0.0,1.0,0.0,0.0,1.0,0.0,1.0,1,0.020967942185121324,0.40668733918883243
0.8542591221141067,-0.0460499533255725,-1.1028368386382617,-1.871835361163309,-1.8284042739782391,1.0,1.0,0.0,0.0,0.0,0.0,1.0,1.0,1,-1.1488867919638341,0.5475293672115765
-0.8271043056395267,0.0718818296663594,0.8414815905535056,0.8313322837114507,0.1755400366178892,1.0,1.0,1.0,0.0,1.0,0.0,0.0,1.0,1,0.9133634202198649,0.5524830494492556
0.8542591221141067,-0.6950913770717595,1.256062173146381,1.59004175611866,-2.3128794500174443,1.0,1.0,1.0,0.0,0.0,1.0,0.0,1.0,1,0.5609707960746215,0.5472567239759915
1.3167024775617353,0.4278772281442325,1.079209600231378,1.4974987275869014,0.1755400366178892,1.0,1.0,0.0,1.0,0.0,0.0,1.0,1.0,1,1.5070868283756105,0.5528706194551863
-0.8271043056395267,-0.5156748440390952,0.9458806097649406,0.2195247189261018,0.1755400366178892,1.0,0.0,0.0,0.0,0.0,1.0,0.0,1.0,1,0.43020576572584535,0.5506257381373831
-0.8271043056395267,-0.7975958317708118,-1.1028368386382617,-1.6887821909975231,0.1755400366178892,1.0,0.0,0.0,0.0,0.0,1.0,0.0,1.0,1,-1.9004326704090735,0.5523829294295104
-0.8271043056395267,-0.4999551219286433,1.0115560708311766,-1.6540496224162748,-2.3128794500174443,1.0,1.0,0.0,0.0,0.0,1.0,0.0,1.0,1,0.5116009489025333,0.5493954656662916
0.8542591221141067,-0.802877415192056,0.8939842435376513,-0.1499854163908197,0.1755400366178892,1.0,1.0,1.0,0.0,1.0,0.0,0.0,1.0,1,0.09110682834559525,0.5406100678379091
-0.8271043056395267,-0.4454456921800809,0.7045508766189863,-0.9585018476402082,0.1755400366178892,1.0,1.0,0.0,0.0,0.0,0.0,1.0,1.0,1,0.2591051844389054,0.5310751739044735
1.3167024775617353,0.0351381281714325,0.7340609787872838,-0.0038488581889707,0.1755400366178892,1.0,1.0,1.0,0.0,1.0,0.0,0.0,1.0,0,0.7691991069587163,0.5482325978555704
1.3167024775617353,-1.2052197715029596,0.7396587488338261,-1.520692184334421,-1.026086682611871,1.0,1.0,1.0,0.0,0.0,0.0,1.0,1.0,1,-0.46556102266913346,0.5456605826122738
-0.8271043056395267,0.5633267799126577,0.8477171940000082,1.005483107886156,0.1755400366178892,1.0,1.0,0.0,0.0,1.0,0.0,0.0,1.0,1,1.411043973912666,0.5515652980008893
1.5222778302128526,0.087034512877963,0.1425417325982604,-0.0837990566537093,0.1755400366178892,1.0,1.0,0.0,0.0,0.0,1.0,0.0,1.0,1,0.2295762454762234,0.5465605809642555
-0.8271043056395267,-0.2940878157960993,-1.1028368386382617,-0.7701191304941116,0.1755400366178892,0.0,0.0,0.0,0.0,0.0,0.0,1.0,1.0,1,-1.396924654434361,0.5508162378258674
-0.8271043056395267,-0.0025818293439816,-1.1028368386382617,-0.0837990566537093,0.1755400366178892,0.0,1.0,1.0,0.0,1.0,0.0,0.0,1.0,1,-1.1054186679822433,0.5486079119614699
-0.8271043056395267,0.7666387085262422,-1.1028368386382617,0.0117888034744957,0.1755400366178892,1.0,0.0,1.0,0.0,0.0,1.0,0.0,1.0,1,-0.3361981301120195,0.5480929831387604
0.8542591221141067,0.2073552278691982,-1.1028368386382617,-0.3993108181314768,0.1755400366178892,1.0,0.0,0.0,1.0,1.0,0.0,0.0,1.0,0,-0.8954816107690635,0.5503268242498789
0.8542591221141067,-0.0218236010809651,1.157175976013466,0.1329444333525561,0.1755400366178892,1.0,1.0,1.0,0.0,1.0,0.0,0.0,1.0,0,1.1353523749325007,0.5487996660230758
-0.8271043056395267,-0.1989541598719899,-1.1028368386382617,-3.167088111288044,-2.56042930004175,1.0,0.0,1.0,0.0,0.0,1.0,0.0,1.0,1,-1.3017909985102516,0.5474811871148797
0.8542591221141067,0.3800900075427906,0.5117774895919517,0.4347082487371803,0.1755400366178892,1.0,1.0,0.0,0.0,1.0,0.0,0.0,1.0,1,0.8918674971347422,0.5505195458494693
-0.8271043056395267,-1.0581403144892327,1.3367688271244913,0.1181689752185487,0.1755400366178892,0.0,0.0,0.0,0.0,0.0,1.0,0.0,0.0,1,0.27862851263525856,0.5502255408376198
-0.8271043056395267,-0.4999551219286433,0.7817065719116859,-0.5158305579751992,4.104711360090853,1.0,1.0,1.0,0.0,0.0,0.0,1.0,0.0,0,0.28175144998304263,0.5478922086092587
1.5222778302128526,1.1410263870593425,1.137262763934036,0.0117888034744957,0.1755400366178892,1.0,1.0,0.0,0.0,1.0,0.0,0.0,1.0,1,2.2782891509933787,0.5482798684595472
-0.8271043056395267,-2.3346408740012543,1.169492463274732,1.0541727018449678,0.1755400366178892,1.0,1.0,0.0,0.0,1.0,0.0,0.0,1.0,1,-1.1651484107265222,0.5440538606354637
0.8542591221141067,2.975786503090036,-1.1028368386382617,1.4416738816433834,0.1755400366178892,1.0,1.0,0.0,0.0,0.0,1.0,0.0,1.0,0,1.8729496644517745,0.5518307375437228
0.8542591221141067,1.5011821702138413,-1.1028368386382617,0.852555946792918,0.1755400366178892,1.0,0.0,0.0,0.0,0.0,1.0,0.0,1.0,0,0.3983453315755796,0.5581958330510715
-0.8271043056395267,-0.2349105565273183,0.7221223215334122,-1.6887821909975231,0.1755400366178892,1.0,1.0,0.0,0.0,1.0,0.0,0.0,1.0,0,0.48721176500609387,0.5321575767515492
1.3167024775617353,0.5663824898308285,-1.1028368386382617,0.0580281789394147,0.1755400366178892,1.0,1.0,0.0,0.0,0.0,1.0,0.0,1.0,1,-0.5364543488074331,0.5477534603819341
-0.8271043056395267,-0.5227765478645329,0.9582718426966044,0.0273130886217686,0.1755400366178892,1.0,1.0,0.0,0.0,0.0,1.0,0.0,1.0,1,0.4354952948320715,0.5485471166189506
1.3167024775617353,-0.1750407031555177,0.2109158993811049,-0.3618520173502356,0.1755400366178892,1.0,1.0,1.0,0.0,0.0,1.0,0.0,1.0,1,0.035875196225587186,0.501411210592586
0.8542591221141067,0.3902426564573992,0.7340609787872838,0.4474708347680211,0.1755400366178892,1.0,1.0,1.0,0.0,0.0,1.0,0.0,0.0,1,1.124303635244683,0.5501042717930084
